date,keyword,source_medium,organic_traffic,keyword_ranking,ctr,bounce_rate,avg_session_duration,backlinks,domain_authority
2024-05-18,keyword5,Social,3261,82,0.1169,0.1,597.2,0,19
2024-04-22,keyword1,Direct,3849,100,0.3756,0.57,233.09,429,87
2024-02-22,keyword1,Direct,7994,74,0.3484,0.55,397.51,170,93
2024-02-06,keyword4,Social,2002,57,0.3063,0.62,285.04,213,46
2024-04-23,keyword5,Referral,8672,65,0.1839,0.71,201.64,316,27
2024-04-20,keyword3,Organic Search,8414,27,0.078,0.44,532.96,87,61
2024-05-04,keyword5,Social,5753,60,0.4257,0.42,105.56,286,46
2024-04-01,keyword5,Referral,1653,36,0.169,0.34,92.67,469,35
2024-04-18,keyword1,Social,5677,66,0.2022,0.14,591.15,232,42
2024-03-15,keyword4,Social,773,91,0.3145,0.48,298.13,350,4
2024-04-19,keyword2,Referral,1234,55,0.4837,0.74,308.97,161,29
2024-01-17,keyword1,Referral,9863,51,0.389,0.28,323.57,60,79
2024-03-21,keyword1,Referral,9407,72,0.2618,0.23,386.46,407,93
2024-04-03,keyword4,Organic Search,3702,52,0.2549,0.58,217.96,99,43
2024-01-21,keyword1,Social,6973,91,0.1823,0.37,510.38,120,16
2024-02-11,keyword4,Direct,5213,22,0.4071,0.62,275.88,30,13
2024-01-08,keyword2,Organic Search,4064,71,0.4003,0.85,136.17,208,70
2024-01-02,keyword1,Organic Search,2386,77,0.111,0.27,442.2,420,30
2024-05-25,keyword1,Social,7031,48,0.097,0.66,579.47,116,83
2024-04-06,keyword3,Referral,7763,93,0.4799,0.63,547.6,56,54
2024-02-29,keyword4,Organic Search,1788,75,0.2347,0.12,257.96,126,12
2024-03-11,keyword2,Referral,4373,26,0.2066,0.93,426.47,48,79
2024-01-25,keyword3,Direct,5467,80,0.1098,0.59,305.92,2,51
2024-03-26,keyword4,Organic Search,7730,47,0.1741,0.23,471.87,208,11
2024-01-21,keyword3,Organic Search,704,18,0.4174,0.21,228.27,112,23
2024-02-25,keyword1,Referral,6137,72,0.3787,0.22,580.72,346,30
2024-04-15,keyword1,Organic Search,9554,28,0.3888,0.47,583.85,315,65
2024-01-11,keyword3,Organic Search,8474,63,0.2367,0.17,345.48,326,57
2024-05-19,keyword4,Organic Search,9562,47,0.1668,0.35,240.8,42,93
2024-01-10,keyword5,Referral,6999,29,0.1571,0.66,218.21,73,34
2024-03-23,keyword1,Organic Search,1101,91,0.2596,0.28,101.8,380,73
2024-02-21,keyword2,Referral,2205,49,0.2581,0.23,547.1,40,34
2024-03-05,keyword1,Direct,1609,1,0.4298,0.48,244.5,195,85
2024-04-03,keyword5,Direct,9300,76,0.114,0.89,357.35,33,25
2024-01-23,keyword1,Direct,4519,27,0.2457,0.73,457.85,220,62
2024-03-22,keyword4,Referral,2386,9,0.0421,0.37,31.48,52,51
2024-04-07,keyword2,Direct,9938,47,0.3417,0.99,133.87,330,7
2024-02-13,keyword5,Referral,7648,56,0.2814,0.89,291.62,404,41
2024-03-30,keyword4,Referral,5949,90,0.2238,0.28,257.15,346,12
2024-02-19,keyword2,Organic Search,3360,57,0.4471,0.33,429.83,149,54
2024-03-24,keyword2,Organic Search,4732,31,0.1306,0.8,446.79,38,56
2024-01-10,keyword4,Referral,1593,80,0.3257,0.12,98.18,424,64
2024-04-23,keyword2,Referral,8181,68,0.0186,0.92,258.04,160,43
2024-01-31,keyword1,Organic Search,1697,54,0.133,0.9,370.8,484,83
2024-02-02,keyword4,Direct,5944,1,0.0543,0.45,311.62,306,51
2024-01-01,keyword3,Social,1910,1,0.0227,0.98,149.22,253,100
2024-04-27,keyword2,Social,9194,33,0.3856,0.57,341.06,211,53
2024-02-04,keyword5,Referral,9453,50,0.3955,0.6,287.04,137,94
2024-02-02,keyword1,Organic Search,7325,53,0.2945,0.64,239.9,475,8
2024-01-26,keyword2,Direct,126,37,0.3173,0.57,316.4,129,60
2024-03-27,keyword2,Social,9884,44,0.4972,0.35,485.74,170,23
2024-02-11,keyword1,Direct,5014,4,0.1266,0.82,476.49,306,74
2024-04-15,keyword2,Referral,1894,91,0.1661,0.65,576.03,449,12
2024-01-09,keyword5,Direct,5695,79,0.1525,0.86,324.65,113,84
2024-02-10,keyword2,Organic Search,4013,6,0.4844,0.46,457.76,250,63
2024-02-07,keyword5,Organic Search,8744,50,0.3144,0.43,475.07,279,70
2024-05-10,keyword5,Social,2119,36,0.4007,0.62,39.47,296,44
2024-04-19,keyword2,Organic Search,2576,34,0.0508,0.83,103.31,398,35
2024-04-15,keyword3,Organic Search,1566,17,0.1264,0.93,148.73,190,84
2024-05-24,keyword5,Direct,7017,63,0.1464,0.86,477.31,213,99
2024-05-06,keyword5,Direct,8883,42,0.1278,0.61,198.76,25,48
2024-03-31,keyword3,Social,4491,90,0.0642,0.4,411.7,324,8
2024-05-02,keyword4,Organic Search,472,27,0.4175,0.42,477.36,413,15
2024-01-14,keyword2,Social,8535,40,0.2066,0.46,487.95,300,4
2024-05-15,keyword1,Direct,5289,52,0.0871,0.66,219.45,437,39
2024-05-18,keyword2,Organic Search,3102,87,0.2879,0.91,266.7,428,83
2024-02-11,keyword4,Organic Search,4703,31,0.0657,0.74,448.89,66,51
2024-03-02,keyword1,Direct,1220,39,0.1219,0.46,283.77,124,33
2024-05-04,keyword1,Social,5267,38,0.2492,0.51,92.65,321,91
2024-05-01,keyword5,Social,4196,59,0.2495,0.49,316.68,405,31
2024-01-23,keyword1,Social,7619,84,0.3802,0.19,54.42,17,71
2024-04-03,keyword5,Referral,3924,30,0.2428,0.69,113.13,286,15
2024-02-12,keyword4,Direct,6265,64,0.0975,0.29,139.26,213,18
2024-05-14,keyword2,Social,9958,40,0.2728,0.2,374.03,133,56
2024-04-12,keyword2,Organic Search,8502,75,0.2961,0.35,119.48,406,44
2024-04-18,keyword3,Referral,3203,50,0.4463,0.34,101.08,4,89
2024-05-23,keyword2,Referral,334,47,0.4772,0.98,271.89,316,20
2024-01-01,keyword4,Direct,3925,86,0.0116,0.68,93.45,89,82
2024-01-18,keyword5,Organic Search,8466,91,0.1711,0.49,594.56,452,76
2024-01-09,keyword3,Direct,7344,35,0.256,1.0,304.49,12,8
2024-05-16,keyword5,Social,423,47,0.318,0.16,43.47,250,56
2024-05-22,keyword3,Referral,8669,49,0.346,0.4,595.05,471,94
2024-04-25,keyword2,Organic Search,7837,73,0.4199,0.43,57.84,28,5
2024-05-17,keyword2,Social,3510,63,0.4864,0.9,215.09,210,94
2024-04-19,keyword5,Direct,6465,65,0.1874,0.34,332.95,266,71
2024-05-05,keyword4,Direct,5759,36,0.3256,0.27,334.58,403,36
2024-03-01,keyword3,Organic Search,3399,86,0.4506,0.2,311.34,105,8
2024-04-02,keyword3,Direct,4754,44,0.1408,0.36,300.95,223,2
2024-05-19,keyword1,Direct,6211,17,0.0792,0.95,84.05,500,77
2024-03-05,keyword4,Referral,9372,70,0.2507,0.97,594.4,293,76
2024-01-21,keyword2,Direct,9509,61,0.2865,0.27,285.07,134,31
2024-05-11,keyword2,Referral,2440,100,0.3238,0.11,49.62,160,20
2024-01-23,keyword1,Referral,5055,80,0.1518,0.32,560.46,418,11
2024-01-30,keyword4,Direct,5178,65,0.3985,0.76,177.83,256,9
2024-01-30,keyword3,Direct,2907,85,0.3584,0.17,70.02,224,83
2024-04-11,keyword3,Organic Search,1230,92,0.3806,0.73,555.35,477,38
2024-05-24,keyword3,Social,9816,11,0.0779,0.77,342.77,323,1
2024-04-16,keyword1,Referral,7566,1,0.2238,0.93,83.64,390,47
2024-02-16,keyword1,Referral,7577,28,0.4544,0.66,546.89,8,66
2024-05-15,keyword4,Organic Search,8611,28,0.497,0.89,332.58,484,3
2024-04-28,keyword2,Referral,6552,22,0.1812,0.99,421.34,319,73
2024-03-18,keyword4,Social,939,64,0.3143,0.24,180.99,351,7
2024-03-26,keyword4,Direct,9655,23,0.3154,0.58,321.66,295,78
2024-05-05,keyword3,Social,1697,33,0.0659,0.25,551.76,5,52
2024-03-27,keyword2,Social,6587,52,0.3645,0.49,209.59,112,47
2024-04-02,keyword3,Social,1913,85,0.4275,0.37,351.51,39,32
2024-03-28,keyword3,Referral,7421,13,0.3902,0.66,530.63,285,11
2024-01-20,keyword2,Referral,8762,25,0.2002,0.11,396.59,189,76
2024-04-25,keyword1,Social,828,95,0.411,0.37,181.91,303,83
2024-03-02,keyword2,Organic Search,7272,48,0.2755,0.59,180.02,20,94
2024-03-16,keyword3,Direct,1814,96,0.4251,0.21,592.08,132,52
2024-02-26,keyword4,Direct,778,40,0.2148,0.49,134.46,205,81
2024-02-02,keyword4,Referral,5543,72,0.0604,0.21,540.62,371,90
2024-04-23,keyword5,Referral,2504,96,0.0692,0.29,272.01,153,19
2024-03-28,keyword2,Social,5776,42,0.1901,0.84,185.48,394,72
2024-04-21,keyword4,Direct,5382,58,0.1827,0.89,415.11,481,74
2024-05-23,keyword4,Social,3952,53,0.0556,0.74,572.41,85,58
2024-02-14,keyword5,Organic Search,2819,69,0.1188,0.12,599.36,298,66
2024-05-08,keyword1,Social,5127,62,0.283,0.91,227.1,102,16
2024-01-09,keyword2,Direct,222,66,0.2764,0.8,241.07,370,7
2024-03-02,keyword1,Organic Search,3918,72,0.1475,0.25,327.35,335,100
2024-04-23,keyword2,Social,6475,7,0.2822,0.92,593.9,79,76
2024-03-19,keyword1,Direct,5082,11,0.0537,0.23,480.16,454,82
2024-04-13,keyword1,Social,2060,48,0.3575,0.52,349.44,15,40
2024-03-02,keyword3,Social,1966,62,0.2039,0.22,250.82,41,56
2024-03-10,keyword5,Direct,5990,23,0.4812,0.63,203.6,371,1
2024-04-15,keyword4,Direct,1505,43,0.1491,0.88,309.77,104,77
2024-03-04,keyword1,Direct,7343,83,0.1343,0.21,45.26,468,47
2024-05-14,keyword2,Organic Search,4960,87,0.1896,0.97,185.49,8,53
2024-01-23,keyword3,Referral,5645,55,0.0345,0.73,176.81,255,22
2024-01-18,keyword4,Referral,3681,15,0.435,0.36,210.97,165,19
2024-04-02,keyword5,Direct,8609,99,0.4734,0.59,202.8,416,88
2024-03-07,keyword4,Referral,6069,75,0.1514,0.14,165.24,229,83
2024-01-28,keyword1,Organic Search,352,90,0.3898,0.29,49.23,358,89
2024-02-28,keyword2,Organic Search,5712,34,0.0805,0.87,349.57,152,72
2024-01-15,keyword4,Referral,9234,14,0.4153,0.85,414.98,226,45
2024-03-27,keyword4,Direct,8029,71,0.19,0.17,465.61,452,44
2024-04-09,keyword1,Direct,7956,10,0.1315,0.17,478.96,95,94
2024-05-17,keyword3,Direct,3780,54,0.3411,0.76,261.36,366,19
2024-03-27,keyword4,Organic Search,2934,36,0.3567,0.36,184.26,74,70
2024-03-18,keyword2,Direct,2543,9,0.259,0.44,327.55,64,48
2024-02-06,keyword1,Social,2771,62,0.085,0.7,566.39,307,96
2024-03-04,keyword4,Direct,3923,68,0.1234,0.31,250.98,467,85
2024-01-09,keyword3,Social,3642,31,0.4135,0.24,109.45,63,12
2024-03-02,keyword5,Social,9559,89,0.1329,0.55,102.74,297,68
2024-05-11,keyword5,Organic Search,7521,7,0.1744,0.68,43.68,396,26
2024-02-14,keyword1,Social,2987,4,0.3621,0.36,411.3,358,15
2024-01-12,keyword1,Social,5289,86,0.286,0.98,376.33,126,9
2024-03-22,keyword5,Direct,1884,84,0.106,0.92,413.09,15,24
2024-02-17,keyword1,Social,7467,97,0.4834,0.41,483.15,138,44
2024-01-20,keyword2,Direct,5438,50,0.3681,0.73,57.32,348,27
2024-04-22,keyword2,Referral,4900,88,0.3958,0.36,504.0,187,2
2024-01-05,keyword1,Referral,8742,95,0.3003,0.81,165.1,118,89
2024-02-14,keyword2,Direct,5061,34,0.4904,0.43,233.05,487,63
2024-02-12,keyword3,Organic Search,3619,39,0.2307,0.32,264.74,44,5
2024-03-06,keyword1,Organic Search,245,56,0.4538,0.75,481.61,80,96
2024-04-05,keyword1,Direct,7670,53,0.337,0.72,178.02,419,12
2024-01-26,keyword4,Direct,4654,77,0.3792,0.79,572.81,207,57
2024-01-24,keyword2,Social,3914,17,0.4299,0.75,131.58,313,59
2024-02-03,keyword1,Social,4568,30,0.0688,0.33,301.93,436,28
2024-02-18,keyword1,Referral,7961,70,0.2411,0.58,488.4,453,39
2024-02-15,keyword4,Organic Search,1592,29,0.1482,0.66,592.55,182,97
2024-01-02,keyword4,Social,6179,72,0.0446,0.23,58.61,270,82
2024-04-16,keyword1,Direct,4935,98,0.1019,0.69,303.86,442,93
2024-02-12,keyword4,Organic Search,7002,96,0.0685,0.34,296.82,196,77
2024-04-28,keyword4,Referral,6162,60,0.1392,0.16,389.59,85,23
2024-02-02,keyword5,Organic Search,5666,16,0.4062,0.35,567.15,13,17
2024-02-22,keyword5,Social,8097,48,0.2225,0.51,330.09,429,69
2024-03-31,keyword3,Direct,1048,7,0.2971,0.51,427.99,266,65
2024-03-08,keyword3,Social,4877,58,0.0813,0.3,104.53,224,79
2024-02-22,keyword1,Social,7245,12,0.2788,0.58,217.27,170,10
2024-01-29,keyword1,Direct,4487,54,0.0993,0.36,41.41,54,9
2024-03-17,keyword2,Organic Search,3522,18,0.3202,0.86,165.95,315,94
2024-02-21,keyword2,Referral,2339,9,0.3007,0.73,569.37,19,27
2024-03-23,keyword2,Organic Search,5815,3,0.3798,0.22,116.43,257,47
2024-01-15,keyword4,Organic Search,1389,20,0.402,0.31,534.28,308,49
2024-02-28,keyword4,Social,4093,27,0.1197,0.4,453.4,32,79
2024-02-13,keyword5,Organic Search,8477,21,0.1452,0.73,212.59,85,85
2024-01-27,keyword5,Direct,8109,5,0.2384,0.3,224.12,118,12
2024-02-29,keyword3,Social,8782,63,0.1566,0.18,190.21,46,16
2024-04-09,keyword2,Direct,2541,38,0.4898,0.65,508.82,290,44
2024-03-21,keyword1,Social,9523,14,0.4009,0.34,594.75,147,76
2024-05-06,keyword5,Direct,4306,90,0.1411,0.81,577.44,444,10
2024-02-05,keyword2,Organic Search,6633,13,0.2997,0.15,71.69,72,81
2024-02-20,keyword3,Social,6959,78,0.4291,0.26,118.87,173,18
2024-02-13,keyword5,Referral,605,59,0.027,0.18,388.53,138,100
2024-04-15,keyword2,Social,8718,54,0.2897,0.45,589.73,462,96
2024-01-06,keyword3,Social,9163,86,0.2316,0.88,342.87,331,69
2024-02-23,keyword3,Organic Search,1965,92,0.2511,0.2,341.3,242,45
2024-01-22,keyword5,Organic Search,3157,6,0.4536,0.75,416.83,295,11
2024-04-07,keyword3,Direct,2398,36,0.014,0.3,309.29,310,30
2024-02-12,keyword1,Organic Search,621,10,0.1168,0.28,506.57,11,11
2024-04-23,keyword2,Direct,8752,60,0.1861,0.34,580.25,287,37
2024-04-16,keyword1,Social,3234,69,0.3483,0.46,494.64,282,76
2024-04-21,keyword5,Referral,802,68,0.4862,0.14,148.45,387,99
2024-04-11,keyword3,Direct,9533,19,0.137,0.45,491.12,162,97
2024-01-29,keyword4,Organic Search,763,53,0.4444,0.7,53.92,440,47
2024-02-10,keyword5,Direct,1057,43,0.498,0.67,500.7,422,99
2024-02-03,keyword1,Social,2637,4,0.1688,0.38,538.39,315,100
2024-01-15,keyword1,Social,565,77,0.4373,0.95,199.03,498,96
2024-01-10,keyword3,Referral,9349,50,0.4105,0.42,103.63,42,50
2024-01-23,keyword4,Organic Search,5925,33,0.3562,0.22,233.37,107,49
2024-02-28,keyword4,Social,4160,86,0.3251,0.42,339.08,422,45
2024-04-28,keyword2,Direct,5851,46,0.2281,0.63,411.53,414,50
2024-04-21,keyword2,Organic Search,895,92,0.359,0.72,34.92,276,9
2024-02-03,keyword4,Organic Search,9254,89,0.0125,0.29,570.78,18,28
2024-05-23,keyword5,Direct,5167,46,0.4139,0.81,232.34,405,31
2024-03-15,keyword4,Referral,2423,23,0.1899,0.9,196.41,202,42
2024-01-16,keyword1,Organic Search,332,5,0.2356,0.81,391.8,19,96
2024-02-26,keyword1,Social,4655,39,0.1922,0.44,49.0,2,87
2024-03-30,keyword5,Social,9469,12,0.4053,0.24,346.64,277,3
2024-05-11,keyword2,Referral,5577,24,0.4083,0.22,216.14,212,84
2024-03-22,keyword3,Referral,6889,92,0.4715,0.95,295.95,475,11
2024-03-23,keyword1,Social,6019,58,0.0394,0.52,586.9,486,99
2024-02-26,keyword3,Referral,8270,49,0.3219,0.33,239.36,430,44
2024-04-15,keyword3,Organic Search,5692,3,0.2968,0.34,133.42,239,77
2024-05-02,keyword3,Direct,5113,13,0.1999,0.56,209.27,241,8
2024-02-18,keyword1,Direct,3874,91,0.3215,0.81,206.61,197,6
2024-02-15,keyword5,Referral,1926,17,0.4018,0.21,519.79,104,65
2024-02-03,keyword3,Direct,5815,95,0.4604,0.66,453.45,278,44
2024-04-01,keyword3,Direct,8616,24,0.4468,0.61,120.36,311,89
2024-01-20,keyword4,Referral,873,66,0.3867,0.58,321.92,172,82
2024-02-26,keyword4,Organic Search,421,95,0.3961,0.4,319.15,382,92
2024-05-06,keyword4,Organic Search,9035,12,0.3852,0.28,262.74,395,13
2024-02-09,keyword2,Direct,2439,37,0.4995,0.94,302.36,153,96
2024-01-01,keyword1,Direct,1264,11,0.1593,0.84,246.95,35,96
2024-03-28,keyword2,Direct,778,62,0.493,0.11,320.03,286,34
2024-02-17,keyword1,Social,6447,14,0.4651,0.46,313.69,372,15
2024-01-12,keyword2,Social,7908,62,0.4247,0.88,516.77,440,94
2024-05-23,keyword3,Referral,1804,93,0.4253,0.74,596.89,436,63
2024-01-06,keyword4,Referral,9033,100,0.3302,0.12,400.47,272,87
2024-04-05,keyword2,Social,9278,22,0.2089,0.84,50.42,261,50
2024-01-05,keyword5,Social,4026,72,0.4845,0.59,239.65,157,58
2024-02-07,keyword3,Social,8250,70,0.0348,0.2,89.69,328,58
2024-02-13,keyword5,Referral,8358,84,0.4561,0.19,296.25,318,39
2024-01-01,keyword3,Referral,3249,92,0.3171,0.27,459.24,30,2
2024-03-18,keyword5,Social,1340,92,0.1053,0.3,172.86,313,14
2024-03-19,keyword4,Organic Search,6689,73,0.4002,0.45,454.54,280,86
2024-02-25,keyword5,Organic Search,5162,44,0.4303,0.32,241.39,290,67
2024-04-21,keyword5,Organic Search,2232,89,0.1253,0.53,198.74,327,25
2024-04-24,keyword2,Organic Search,3549,16,0.2172,0.4,87.58,40,88
2024-05-07,keyword5,Referral,1931,84,0.076,0.27,108.87,446,45
2024-01-05,keyword3,Social,3609,85,0.345,0.89,214.08,108,98
2024-03-22,keyword4,Social,5996,74,0.1417,0.12,40.23,421,66
2024-03-03,keyword3,Direct,9048,29,0.1761,0.26,103.9,11,43
2024-03-20,keyword3,Direct,4372,26,0.4719,0.6,103.97,233,89
2024-01-27,keyword1,Social,7316,3,0.3556,0.95,591.73,6,70
2024-04-10,keyword2,Social,117,44,0.1342,0.47,532.59,271,1
2024-05-24,keyword4,Referral,7829,25,0.2363,0.51,588.58,346,36
2024-04-26,keyword3,Social,1319,63,0.4471,0.28,200.47,476,22
2024-01-28,keyword1,Referral,2506,66,0.2208,0.41,358.8,348,33
2024-04-24,keyword3,Direct,6404,74,0.2247,0.26,290.17,359,4
2024-03-10,keyword1,Referral,974,1,0.1806,0.56,70.41,347,72
2024-04-29,keyword1,Social,1770,65,0.4942,0.26,127.25,174,62
2024-04-10,keyword1,Organic Search,8363,7,0.122,0.58,344.53,432,50
2024-03-11,keyword2,Referral,9832,48,0.2605,0.35,318.34,308,25
2024-03-11,keyword4,Social,4405,95,0.1365,0.49,567.03,315,33
2024-04-14,keyword3,Direct,2165,53,0.4487,0.69,459.06,473,68
2024-04-25,keyword3,Referral,3041,90,0.4205,0.32,443.39,358,48
2024-03-19,keyword5,Organic Search,5914,43,0.4582,0.53,357.64,205,17
2024-05-04,keyword1,Organic Search,5015,44,0.2407,0.46,99.05,17,47
2024-01-15,keyword2,Organic Search,8868,15,0.0292,0.63,589.55,257,7
2024-01-31,keyword1,Social,4060,23,0.2787,0.36,112.21,260,5
2024-04-27,keyword5,Direct,5171,36,0.2455,0.92,456.75,485,15
2024-03-26,keyword1,Social,9358,35,0.2216,0.98,121.2,452,28
2024-01-07,keyword5,Direct,714,26,0.4688,0.3,330.24,130,25
2024-05-17,keyword5,Social,4725,79,0.4154,0.18,469.17,182,81
2024-04-25,keyword2,Social,5828,70,0.4081,0.5,565.95,194,85
2024-03-29,keyword5,Social,2642,35,0.1252,0.94,482.37,125,47
2024-05-07,keyword2,Social,743,43,0.3898,0.11,84.76,287,29
2024-04-22,keyword4,Social,9869,35,0.1697,0.67,140.55,68,28
2024-01-14,keyword1,Direct,8554,50,0.0822,0.87,436.96,387,77
2024-04-24,keyword1,Referral,3404,10,0.135,0.66,309.76,453,56
2024-05-08,keyword5,Direct,7465,48,0.1486,0.53,379.68,145,83
2024-04-23,keyword4,Social,332,100,0.2493,0.78,578.32,369,68
2024-05-03,keyword3,Organic Search,2205,48,0.0448,0.35,567.59,303,33
2024-04-04,keyword3,Referral,7923,86,0.0309,0.49,434.12,19,55
2024-01-08,keyword3,Social,3063,10,0.1937,0.45,548.19,400,45
2024-05-05,keyword1,Organic Search,7020,28,0.2629,0.36,361.47,302,6
2024-05-13,keyword1,Referral,5174,34,0.4871,0.71,482.71,199,71
2024-03-16,keyword5,Referral,9438,64,0.0257,0.91,71.74,313,5
2024-03-31,keyword5,Referral,7342,58,0.1308,0.24,168.15,75,83
2024-01-07,keyword5,Referral,1868,5,0.366,0.46,245.86,435,74
2024-02-20,keyword3,Organic Search,2590,66,0.2423,0.19,437.01,161,30
2024-05-24,keyword2,Organic Search,475,8,0.4745,0.72,183.37,61,24
2024-01-09,keyword3,Direct,4529,14,0.2633,0.2,63.45,243,48
2024-04-07,keyword1,Direct,4463,75,0.3327,0.78,457.49,332,55
2024-02-12,keyword2,Referral,5895,65,0.2015,0.84,459.16,136,29
2024-01-06,keyword1,Direct,3921,8,0.302,0.83,435.69,486,89
2024-04-29,keyword3,Social,9954,68,0.4743,0.24,406.24,19,21
2024-05-09,keyword2,Direct,8967,20,0.3906,0.12,133.28,88,45
2024-01-01,keyword5,Social,7680,93,0.3289,0.97,496.03,339,20
2024-05-20,keyword2,Social,2656,11,0.1843,0.87,106.5,414,15
2024-04-04,keyword5,Social,2671,92,0.3241,0.47,209.99,431,78
2024-02-08,keyword4,Organic Search,7003,15,0.1452,0.96,212.43,239,34
2024-04-12,keyword4,Organic Search,7488,57,0.1168,0.86,98.96,398,87
2024-03-02,keyword3,Organic Search,2734,26,0.4825,0.53,290.62,404,98
2024-04-19,keyword3,Organic Search,2068,5,0.2761,0.22,100.18,366,78
2024-01-10,keyword5,Social,8067,63,0.3611,0.36,327.68,406,53
2024-02-16,keyword5,Referral,8670,86,0.166,0.25,51.15,140,82
2024-04-15,keyword3,Referral,5374,10,0.4176,0.61,274.34,289,69
2024-05-01,keyword5,Social,6879,54,0.3719,0.19,92.99,380,13
2024-05-20,keyword2,Referral,6571,86,0.2815,0.95,383.18,230,42
2024-05-17,keyword3,Social,2689,31,0.0477,0.21,389.05,157,66
2024-01-16,keyword3,Organic Search,4673,60,0.0875,0.62,480.61,111,90
2024-04-30,keyword3,Referral,2793,32,0.0429,0.23,539.84,11,60
2024-03-14,keyword5,Organic Search,8297,52,0.1325,0.92,40.41,345,53
2024-02-24,keyword4,Direct,6283,84,0.1649,0.11,347.07,176,90
2024-04-10,keyword1,Referral,298,77,0.3594,0.88,506.26,351,72
2024-02-29,keyword5,Organic Search,5883,82,0.3485,0.17,524.77,420,1
2024-03-17,keyword2,Organic Search,9119,59,0.3354,0.19,497.52,464,77
2024-04-14,keyword5,Direct,6018,28,0.415,0.76,320.12,367,76
2024-03-15,keyword1,Organic Search,3815,13,0.1035,0.47,409.78,283,21
2024-02-05,keyword5,Referral,409,24,0.037,0.37,292.84,52,5
2024-05-21,keyword5,Social,6360,25,0.1021,0.74,41.0,188,51
2024-03-24,keyword1,Organic Search,383,47,0.2455,0.78,429.58,379,95
2024-04-28,keyword4,Social,3819,5,0.2207,0.94,260.07,276,35
2024-02-12,keyword4,Social,1812,74,0.4417,0.63,362.89,405,45
2024-03-01,keyword1,Direct,7737,75,0.0905,0.95,313.59,212,32
2024-02-25,keyword2,Referral,5805,50,0.2436,0.21,517.37,58,47
2024-02-23,keyword1,Referral,815,29,0.3364,0.47,520.89,179,22
2024-01-16,keyword1,Organic Search,7072,2,0.115,0.2,295.94,240,16
2024-01-04,keyword4,Referral,3469,71,0.0107,0.14,91.56,174,10
2024-01-04,keyword1,Referral,272,21,0.0692,0.72,267.91,82,13
2024-02-26,keyword2,Social,5121,53,0.2586,0.92,178.41,340,1
2024-02-18,keyword2,Direct,541,15,0.2961,0.59,508.77,343,100
2024-02-23,keyword3,Direct,5295,17,0.0274,0.36,496.17,127,59
2024-01-30,keyword1,Social,5621,75,0.0101,0.48,256.84,265,92
2024-01-27,keyword5,Direct,8619,85,0.3313,0.94,546.46,251,62
2024-05-06,keyword4,Referral,1818,11,0.0582,0.31,599.08,285,92
2024-01-22,keyword4,Direct,379,50,0.3509,0.89,592.65,366,95
2024-02-18,keyword1,Direct,2017,42,0.4886,0.72,186.27,482,46
2024-05-21,keyword4,Social,6526,97,0.1104,0.72,166.87,311,45
2024-04-13,keyword2,Direct,5098,3,0.2564,0.29,188.77,37,11
2024-02-23,keyword2,Referral,3800,73,0.4827,0.82,485.45,120,85
2024-03-26,keyword4,Referral,3224,99,0.2215,0.25,116.18,143,47
2024-03-28,keyword2,Referral,7080,7,0.4044,0.57,318.53,87,41
2024-02-26,keyword5,Referral,1315,100,0.2652,0.91,458.29,61,76
2024-03-02,keyword1,Direct,4754,40,0.1203,0.81,253.29,35,46
2024-03-04,keyword3,Social,5852,60,0.4197,0.57,180.37,25,94
2024-03-13,keyword3,Referral,3250,83,0.0286,0.81,484.64,355,28
2024-03-15,keyword3,Organic Search,3256,99,0.0453,0.91,545.18,201,73
2024-02-28,keyword3,Direct,9554,37,0.1021,0.65,308.67,437,31
2024-03-21,keyword4,Organic Search,7342,3,0.0692,0.27,291.73,37,27
2024-04-08,keyword2,Direct,5213,16,0.2836,0.99,46.6,90,62
2024-02-20,keyword2,Social,3770,59,0.417,0.63,483.06,58,75
2024-02-08,keyword4,Social,3529,45,0.4621,0.86,143.38,13,60
2024-05-21,keyword3,Organic Search,160,100,0.4468,0.53,207.1,5,2
2024-04-10,keyword2,Referral,2892,86,0.3672,0.35,87.63,139,3
2024-05-06,keyword5,Referral,5147,39,0.0283,0.6,174.41,19,28
2024-03-17,keyword1,Direct,6105,61,0.2465,0.11,399.42,479,100
2024-03-31,keyword2,Direct,5557,15,0.4725,0.54,375.87,397,80
2024-03-31,keyword4,Social,8656,55,0.0223,0.58,371.18,110,92
2024-04-26,keyword1,Referral,6374,94,0.2863,0.95,295.0,211,40
2024-05-07,keyword3,Social,7289,3,0.152,0.15,154.07,257,92
2024-03-18,keyword2,Social,3099,60,0.1967,0.25,279.86,260,99
2024-01-19,keyword2,Referral,2342,62,0.1719,0.84,432.31,189,5
2024-03-31,keyword2,Social,4231,32,0.2298,0.67,40.2,87,55
2024-02-25,keyword1,Referral,1239,53,0.3702,0.33,424.67,48,68
2024-04-23,keyword2,Direct,454,93,0.2005,0.14,440.87,434,53
2024-02-18,keyword3,Direct,626,37,0.1081,0.17,90.1,7,72
2024-05-13,keyword3,Organic Search,3679,71,0.3829,0.7,386.19,210,93
2024-04-16,keyword5,Organic Search,2991,20,0.3631,0.44,478.08,165,43
2024-05-21,keyword1,Organic Search,6855,65,0.4212,0.57,358.57,60,54
2024-01-15,keyword4,Organic Search,3381,32,0.4825,0.82,570.25,140,90
2024-01-20,keyword4,Referral,4538,2,0.4265,0.9,292.45,218,2
2024-04-06,keyword2,Direct,2355,98,0.4072,0.17,133.5,177,52
2024-02-13,keyword5,Social,9345,65,0.3657,0.29,111.43,181,11
2024-01-26,keyword5,Social,6074,53,0.3009,0.94,115.28,177,64
2024-05-21,keyword2,Organic Search,9070,93,0.2552,0.39,254.19,257,58
2024-05-05,keyword4,Referral,1549,48,0.3547,0.34,252.98,410,79
2024-05-17,keyword1,Organic Search,8902,83,0.3543,0.86,501.79,484,66
2024-05-19,keyword2,Referral,8341,24,0.4131,0.55,307.93,405,65
2024-04-13,keyword2,Organic Search,5035,9,0.2895,0.22,453.64,102,17
2024-04-28,keyword4,Organic Search,7676,15,0.4716,0.64,164.19,82,15
2024-01-18,keyword2,Social,7665,71,0.0933,1.0,477.86,233,14
2024-03-23,keyword3,Referral,8714,52,0.0947,0.38,316.49,324,38
2024-03-08,keyword5,Referral,9053,19,0.4397,0.38,51.33,405,68
2024-04-21,keyword1,Organic Search,8963,84,0.3466,0.41,201.37,376,51
2024-03-09,keyword3,Organic Search,530,4,0.1719,0.61,194.97,334,98
2024-05-17,keyword5,Social,2120,1,0.3248,0.82,66.48,273,56
2024-01-11,keyword4,Direct,8558,11,0.0234,0.13,104.47,325,67
2024-02-02,keyword2,Direct,1964,63,0.4287,0.32,278.19,192,93
2024-01-26,keyword5,Social,7441,58,0.2321,0.19,350.09,21,21
2024-04-22,keyword3,Referral,2748,14,0.0275,0.12,219.66,280,78
2024-04-30,keyword3,Referral,1420,11,0.3466,0.83,373.65,79,66
2024-02-17,keyword2,Social,4026,29,0.4272,0.72,510.98,345,95
2024-01-09,keyword2,Social,863,80,0.4132,0.49,494.63,311,84
2024-03-30,keyword1,Referral,5357,56,0.2997,0.73,173.14,486,90
2024-03-15,keyword5,Social,611,42,0.0311,0.79,51.42,251,90
2024-01-18,keyword5,Referral,8440,53,0.3955,0.44,319.39,475,96
2024-01-25,keyword1,Social,7590,99,0.221,0.57,198.71,94,19
2024-03-26,keyword2,Organic Search,1912,37,0.4149,0.71,487.55,499,73
2024-01-14,keyword5,Organic Search,5886,10,0.286,0.58,268.92,11,86
2024-01-24,keyword1,Social,9437,31,0.0551,0.25,122.23,143,2
2024-02-15,keyword5,Direct,2895,96,0.4506,0.4,316.01,483,30
2024-03-05,keyword4,Referral,7492,19,0.2756,0.43,104.37,209,65
2024-05-05,keyword4,Social,6340,15,0.0442,0.65,215.58,252,95
2024-03-14,keyword2,Referral,5065,9,0.2857,0.2,205.92,137,3
2024-02-02,keyword4,Referral,5613,20,0.3776,0.99,50.98,241,38
2024-02-08,keyword4,Direct,177,98,0.0886,0.51,220.19,155,87
2024-04-05,keyword4,Social,1544,85,0.3987,0.79,467.27,90,41
2024-01-04,keyword4,Direct,9411,64,0.1784,0.8,160.59,308,4
2024-02-02,keyword2,Direct,2010,55,0.4109,0.71,270.07,415,45
2024-05-03,keyword1,Direct,7319,65,0.4329,0.66,401.28,89,31
2024-05-01,keyword2,Referral,7551,87,0.1073,0.49,46.16,339,50
2024-01-10,keyword5,Referral,2000,24,0.1521,0.56,372.71,373,93
2024-02-13,keyword4,Direct,1215,87,0.1546,0.67,87.06,55,89
2024-04-15,keyword2,Social,7889,25,0.1953,0.9,438.23,344,15
2024-02-02,keyword4,Referral,4738,92,0.1888,0.16,495.5,300,49
2024-02-21,keyword4,Direct,774,80,0.0123,0.52,448.13,290,93
2024-02-27,keyword4,Direct,3562,81,0.2857,0.45,183.67,98,20
2024-01-29,keyword5,Organic Search,6752,11,0.4771,0.2,344.19,395,4
2024-03-30,keyword5,Direct,9354,54,0.0985,0.1,556.19,322,79
2024-05-04,keyword5,Social,4476,11,0.0292,0.72,419.61,476,17
2024-03-22,keyword4,Referral,198,65,0.2433,0.36,447.51,286,30
2024-01-28,keyword1,Organic Search,5368,66,0.1919,0.25,540.82,85,61
2024-04-30,keyword4,Social,8056,36,0.3413,0.49,347.83,80,73
2024-05-04,keyword3,Direct,3081,96,0.4239,0.6,511.47,448,39
2024-04-20,keyword2,Organic Search,3142,43,0.1228,0.57,70.88,42,83
2024-01-12,keyword3,Referral,581,75,0.3529,0.51,106.42,216,8
2024-02-19,keyword5,Referral,2067,42,0.365,0.34,313.95,118,32
2024-02-16,keyword2,Organic Search,2829,98,0.2942,0.46,439.33,252,57
2024-02-09,keyword2,Organic Search,6825,27,0.135,0.85,273.72,0,97
2024-01-06,keyword5,Social,9430,17,0.1091,0.76,390.77,342,59
2024-04-05,keyword2,Social,6434,4,0.4526,0.63,223.03,151,75
2024-03-24,keyword5,Organic Search,9147,42,0.4953,0.56,431.92,79,100
2024-03-04,keyword2,Organic Search,812,47,0.1628,0.28,457.34,430,68
2024-01-19,keyword2,Referral,1130,49,0.4482,0.82,518.85,52,53
2024-01-14,keyword1,Referral,5649,61,0.2264,0.2,530.7,339,48
2024-01-01,keyword2,Direct,5098,65,0.4622,0.79,284.13,393,62
2024-02-09,keyword3,Referral,5735,67,0.2106,0.84,89.57,432,41
2024-04-25,keyword2,Social,8777,15,0.1095,0.6,485.31,469,51
2024-03-24,keyword4,Referral,7516,86,0.2237,0.12,509.86,2,37
2024-01-27,keyword5,Referral,6102,82,0.1516,0.4,183.4,481,53
2024-05-08,keyword2,Social,6116,81,0.2949,0.6,248.18,237,45
2024-02-16,keyword2,Direct,4135,94,0.1345,0.21,559.61,279,76
2024-02-12,keyword1,Direct,7477,10,0.3152,0.2,494.4,27,27
2024-04-03,keyword2,Organic Search,8346,27,0.3307,0.8,139.57,96,15
2024-04-03,keyword5,Referral,7941,29,0.2465,0.32,385.54,442,92
2024-03-22,keyword3,Direct,2810,57,0.3202,0.26,437.55,251,14
2024-03-30,keyword3,Direct,7354,82,0.2473,0.56,337.69,272,32
2024-03-12,keyword4,Organic Search,6817,80,0.3385,0.95,531.38,11,38
2024-03-13,keyword4,Direct,2459,3,0.4679,0.57,438.77,282,43
2024-04-07,keyword4,Referral,2240,14,0.453,0.17,287.55,312,13
2024-05-02,keyword1,Direct,2645,5,0.1507,0.26,196.89,332,62
2024-01-30,keyword2,Social,568,64,0.4554,0.29,401.73,276,73
2024-01-17,keyword3,Direct,5223,59,0.2799,0.28,126.92,1,88
2024-01-10,keyword5,Referral,2477,68,0.3793,0.37,87.6,312,77
2024-01-08,keyword3,Organic Search,9239,49,0.1606,0.62,399.02,130,82
2024-03-20,keyword1,Social,5878,5,0.2483,0.2,555.77,452,75
2024-03-09,keyword4,Referral,4554,20,0.176,0.3,474.35,327,98
2024-03-30,keyword2,Social,7809,52,0.4768,0.32,345.96,422,43
2024-03-22,keyword5,Organic Search,3628,4,0.0282,0.76,299.31,349,96
2024-01-04,keyword1,Referral,7420,100,0.2353,0.1,390.36,185,58
2024-05-07,keyword3,Social,4591,67,0.1865,0.72,116.95,405,53
2024-03-04,keyword1,Organic Search,9099,23,0.4071,0.62,546.7,414,55
2024-05-07,keyword1,Social,6534,12,0.2183,0.89,294.07,224,99
2024-01-14,keyword4,Referral,6662,41,0.1728,0.1,301.52,470,92
2024-03-27,keyword2,Referral,3855,84,0.3541,0.63,369.58,104,28
2024-05-01,keyword4,Referral,5252,21,0.347,0.68,284.64,87,22
2024-04-26,keyword1,Direct,6008,73,0.0984,0.78,537.52,16,30
2024-04-07,keyword1,Organic Search,3208,43,0.394,0.89,100.62,103,6
2024-01-13,keyword5,Referral,1765,53,0.1455,0.1,549.37,374,16
2024-04-10,keyword5,Social,5792,34,0.1752,0.68,466.71,406,57
2024-01-10,keyword4,Referral,5985,74,0.3249,0.56,550.77,54,5
2024-01-14,keyword1,Referral,8644,67,0.2244,0.37,335.25,313,18
2024-03-06,keyword1,Organic Search,7320,69,0.1782,0.6,69.62,90,100
2024-04-19,keyword3,Social,2689,12,0.4506,0.74,541.73,234,7
2024-03-09,keyword1,Referral,6849,26,0.1031,0.22,237.22,306,39
2024-05-11,keyword4,Social,3553,20,0.192,0.42,474.88,111,38
2024-02-01,keyword3,Referral,949,17,0.2709,0.29,354.76,112,77
2024-02-21,keyword4,Referral,8399,86,0.3861,0.3,202.26,279,55
2024-03-30,keyword3,Social,7414,63,0.3863,0.41,53.86,130,14
2024-05-07,keyword1,Organic Search,6106,54,0.3797,0.32,101.62,180,99
2024-04-24,keyword3,Social,1036,32,0.1213,0.5,196.28,289,24
2024-05-05,keyword5,Social,8378,71,0.078,0.7,329.6,107,2
2024-05-07,keyword5,Referral,1852,72,0.0679,0.69,68.79,52,70
2024-02-08,keyword1,Social,399,58,0.4126,0.53,371.88,21,43
2024-03-21,keyword1,Organic Search,9157,7,0.2063,0.31,430.29,293,14
2024-05-14,keyword2,Organic Search,664,10,0.2897,0.95,184.44,64,1
2024-05-18,keyword5,Referral,3346,21,0.312,0.34,525.18,245,32
2024-04-18,keyword1,Social,7671,79,0.3943,0.79,101.47,214,16
2024-04-01,keyword4,Social,1207,33,0.2962,0.98,241.87,165,97
2024-05-10,keyword5,Social,2551,48,0.4791,0.8,105.69,478,67
2024-04-15,keyword1,Direct,2080,43,0.4129,0.34,500.62,115,42
2024-04-06,keyword1,Organic Search,8559,25,0.2819,0.29,403.01,278,30
2024-04-23,keyword2,Direct,5114,69,0.0276,0.34,493.24,281,3
2024-03-25,keyword5,Direct,2640,71,0.2652,0.17,297.45,118,70
2024-03-09,keyword5,Referral,2998,38,0.3921,0.49,148.09,88,43
2024-03-08,keyword4,Direct,3828,95,0.2726,0.41,220.51,84,63
2024-03-01,keyword3,Direct,2301,7,0.2423,0.23,79.72,350,69
2024-04-20,keyword5,Referral,1846,3,0.261,0.97,578.1,63,14
2024-03-07,keyword4,Social,4431,50,0.3699,0.48,570.52,141,46
2024-02-05,keyword4,Direct,4386,63,0.0573,0.98,75.49,496,19
2024-04-20,keyword1,Referral,5633,17,0.4042,0.4,37.38,248,75
2024-05-12,keyword1,Social,7819,26,0.4327,0.8,123.09,16,31
2024-03-28,keyword2,Direct,5771,77,0.2016,0.74,125.6,322,35
2024-02-24,keyword5,Organic Search,5440,28,0.1315,0.17,171.52,289,85
2024-02-04,keyword3,Direct,821,88,0.362,0.53,93.09,482,76
2024-05-05,keyword4,Direct,2181,69,0.0491,0.87,38.45,478,37
2024-03-27,keyword4,Direct,1362,20,0.2843,0.92,298.73,495,22
2024-02-04,keyword1,Social,6695,31,0.1284,0.63,411.76,264,10
2024-04-20,keyword4,Referral,235,35,0.0607,0.65,268.86,432,40
2024-02-22,keyword3,Direct,3196,83,0.3276,0.17,283.41,193,14
2024-05-24,keyword5,Referral,5067,2,0.097,0.52,175.07,446,49
2024-02-05,keyword4,Referral,8665,78,0.1719,0.98,400.24,205,56
2024-01-25,keyword1,Organic Search,4740,33,0.1591,0.54,389.58,340,6
2024-02-25,keyword1,Organic Search,5635,7,0.0212,0.41,76.65,34,100
2024-02-10,keyword2,Direct,1669,53,0.0228,0.8,238.95,413,78
2024-01-19,keyword4,Organic Search,7646,97,0.0607,0.7,585.44,204,72
2024-05-23,keyword3,Referral,925,54,0.3281,0.18,526.72,279,68
2024-03-29,keyword5,Organic Search,7265,100,0.1022,0.69,68.99,486,21
2024-02-25,keyword1,Referral,4142,94,0.4468,0.75,58.36,445,24
2024-04-13,keyword4,Organic Search,1647,26,0.2385,0.7,586.21,405,20
2024-04-10,keyword2,Referral,6689,15,0.1613,0.99,331.74,22,77
2024-03-01,keyword2,Direct,8951,92,0.3222,0.18,298.95,90,41
2024-03-12,keyword2,Social,2247,97,0.0988,0.14,374.95,265,35
2024-05-20,keyword3,Referral,4486,42,0.2639,0.36,334.2,231,44
2024-03-25,keyword1,Referral,7796,89,0.2575,0.53,108.89,120,91
2024-02-01,keyword5,Organic Search,5562,71,0.1145,0.28,153.53,241,87
2024-04-23,keyword2,Organic Search,879,65,0.433,0.63,399.17,10,23
2024-05-25,keyword3,Referral,5337,29,0.3656,0.19,124.21,379,21
2024-02-04,keyword2,Direct,8851,33,0.0899,0.33,567.76,479,79
2024-02-01,keyword1,Direct,4943,23,0.1937,0.8,266.47,407,90
2024-05-13,keyword4,Social,7093,15,0.1627,0.24,313.42,125,73
2024-04-28,keyword4,Organic Search,4607,56,0.1059,0.54,143.19,396,5
2024-04-21,keyword2,Organic Search,1459,69,0.1138,0.84,316.98,104,72
2024-01-13,keyword5,Referral,4428,38,0.4148,0.1,53.38,389,80
2024-01-29,keyword2,Referral,5445,30,0.2028,0.71,30.81,36,96
2024-04-02,keyword5,Organic Search,732,31,0.3641,0.58,591.63,450,93
2024-04-09,keyword1,Direct,3842,51,0.0918,0.19,83.41,397,20
2024-04-15,keyword2,Social,6016,51,0.1577,0.26,57.01,311,69
2024-03-01,keyword4,Organic Search,6408,23,0.1878,0.81,244.78,344,30
2024-02-12,keyword2,Direct,1185,10,0.1598,0.92,274.55,55,55
2024-05-24,keyword1,Social,4320,42,0.1842,0.75,564.76,214,74
2024-01-31,keyword4,Direct,1400,66,0.2484,0.31,236.1,358,10
2024-02-22,keyword4,Direct,9934,31,0.0352,0.43,178.57,328,45
2024-04-08,keyword3,Social,1421,24,0.3299,0.55,563.13,275,26
2024-03-03,keyword4,Social,9970,48,0.1908,0.97,580.6,172,60
2024-03-30,keyword2,Direct,9829,84,0.1914,0.41,361.09,85,38
2024-05-18,keyword1,Social,4638,4,0.2176,0.87,576.93,382,12
2024-01-25,keyword1,Social,1380,35,0.2965,0.18,273.64,41,20
2024-04-17,keyword1,Referral,1761,56,0.0318,0.23,548.6,491,88
2024-01-02,keyword3,Referral,2569,63,0.345,0.94,49.14,367,28
2024-04-01,keyword4,Referral,4990,5,0.3211,0.4,461.54,296,52
2024-01-20,keyword2,Organic Search,8737,82,0.2908,0.79,202.8,252,40
2024-05-17,keyword5,Referral,1966,89,0.4137,0.41,450.01,158,36
2024-05-07,keyword4,Referral,5637,22,0.4756,0.57,50.58,453,58
2024-03-20,keyword5,Direct,7711,30,0.1326,0.8,153.84,330,5
2024-03-23,keyword5,Organic Search,1354,1,0.1631,0.37,41.68,268,14
2024-04-01,keyword2,Direct,4159,32,0.3666,0.23,189.26,62,55
2024-04-20,keyword1,Referral,4408,38,0.3358,0.68,36.96,499,87
2024-04-04,keyword2,Social,5805,69,0.07,0.86,319.15,376,26
2024-03-16,keyword3,Organic Search,1990,31,0.0595,0.8,216.19,201,94
2024-03-28,keyword3,Organic Search,8634,59,0.0927,0.5,110.5,232,80
2024-02-09,keyword1,Organic Search,5281,67,0.0937,0.69,186.98,91,32
2024-05-14,keyword3,Direct,8345,36,0.2143,0.26,353.51,55,88
2024-05-22,keyword3,Direct,8512,4,0.4826,0.27,144.5,97,31
2024-02-19,keyword5,Organic Search,649,99,0.4319,0.67,257.33,25,96
2024-05-22,keyword1,Direct,6734,99,0.3772,0.81,330.53,15,17
2024-03-04,keyword4,Direct,2978,23,0.1669,0.78,541.51,22,53
2024-04-27,keyword2,Social,9196,11,0.4948,0.17,508.25,183,91
2024-02-19,keyword3,Social,9270,60,0.3517,0.1,188.55,324,26
2024-04-13,keyword1,Social,1063,67,0.4248,0.4,160.56,75,79
2024-02-03,keyword5,Social,735,82,0.3982,0.73,549.45,473,68
2024-01-28,keyword5,Referral,3015,13,0.3355,0.62,581.77,349,97
2024-04-24,keyword3,Direct,9399,94,0.1329,0.81,513.61,227,47
2024-02-07,keyword1,Direct,7274,93,0.164,0.72,453.01,141,35
2024-03-18,keyword1,Social,4458,19,0.3051,0.43,423.07,396,69
2024-02-26,keyword3,Social,162,29,0.2305,0.63,158.61,96,48
2024-02-16,keyword5,Referral,529,42,0.0383,0.19,411.53,481,1
2024-01-14,keyword1,Social,792,83,0.2113,0.11,493.77,228,60
2024-02-01,keyword1,Referral,3994,99,0.3478,0.62,549.56,320,6
2024-01-06,keyword3,Referral,5981,99,0.4388,0.36,485.18,62,48
2024-01-19,keyword1,Social,8413,2,0.3481,0.8,415.4,50,7
2024-05-21,keyword1,Referral,6128,42,0.344,0.67,508.81,291,21
2024-01-26,keyword5,Social,4356,12,0.4078,0.28,355.92,288,63
2024-01-11,keyword3,Direct,4718,37,0.2751,0.24,523.25,59,2
2024-04-15,keyword5,Social,4058,43,0.2751,0.82,574.2,125,83
2024-03-01,keyword1,Direct,2428,21,0.4826,0.74,509.48,407,68
2024-02-09,keyword2,Direct,4482,95,0.4005,0.67,552.77,418,6
2024-02-03,keyword1,Social,7995,83,0.3261,0.27,215.05,346,42
2024-01-27,keyword3,Social,3885,91,0.2957,0.88,251.45,310,94
2024-04-23,keyword1,Direct,4015,62,0.4988,0.68,307.2,383,32
2024-05-22,keyword4,Direct,3933,57,0.4244,0.86,505.5,288,21
2024-03-16,keyword4,Referral,9165,47,0.372,0.83,499.84,1,92
2024-01-04,keyword1,Organic Search,2738,100,0.3276,0.23,106.77,369,33
2024-01-27,keyword1,Social,4759,13,0.3724,0.38,300.56,86,75
2024-01-12,keyword4,Referral,7434,48,0.1384,0.39,499.13,7,43
2024-03-20,keyword4,Referral,1102,42,0.3938,0.68,482.35,75,91
2024-03-17,keyword1,Referral,9279,14,0.1811,0.76,227.96,413,94
2024-03-20,keyword2,Referral,4696,6,0.1169,0.68,372.1,70,16
2024-02-23,keyword2,Social,8129,52,0.041,0.13,87.43,235,52
2024-03-05,keyword2,Organic Search,9076,24,0.4739,0.5,164.31,252,15
2024-01-18,keyword4,Organic Search,5206,86,0.0193,0.49,49.2,374,14
2024-04-09,keyword1,Organic Search,2855,12,0.4159,0.98,344.87,41,93
2024-01-18,keyword4,Organic Search,6304,98,0.0806,0.57,325.58,493,56
2024-04-24,keyword1,Direct,5732,73,0.1753,0.95,435.95,317,75
2024-02-03,keyword3,Direct,5292,27,0.4618,0.23,500.11,71,9
2024-05-19,keyword2,Direct,1534,9,0.0886,0.18,409.25,148,25
2024-01-03,keyword3,Organic Search,5085,94,0.4169,0.77,443.23,369,34
2024-04-26,keyword2,Social,2892,33,0.2929,0.91,106.9,211,32
2024-04-18,keyword4,Social,9308,38,0.2069,0.81,54.48,13,23
2024-03-16,keyword2,Organic Search,521,12,0.1256,0.31,445.46,71,66
2024-04-08,keyword1,Referral,3403,24,0.4531,0.76,315.41,265,76
2024-02-13,keyword2,Referral,2516,71,0.2787,0.3,159.97,496,76
2024-04-22,keyword1,Organic Search,4973,55,0.4768,0.78,161.61,305,68
2024-05-25,keyword5,Organic Search,2407,95,0.1466,0.31,597.26,65,1
2024-04-09,keyword2,Direct,9175,29,0.3509,0.84,421.27,458,39
2024-04-29,keyword2,Direct,2165,89,0.4599,0.46,592.91,481,96
2024-02-28,keyword5,Referral,4084,40,0.0194,0.17,354.26,151,97
2024-02-07,keyword4,Referral,1443,21,0.0614,0.36,258.5,40,69
2024-02-08,keyword1,Organic Search,6316,9,0.3947,0.14,163.3,252,76
2024-04-21,keyword5,Referral,174,23,0.4254,0.12,296.1,1,58
2024-01-10,keyword4,Referral,1809,73,0.344,0.82,320.5,212,6
2024-02-10,keyword5,Organic Search,6659,99,0.0429,0.53,543.22,92,17
2024-01-10,keyword5,Referral,306,93,0.3959,0.55,239.23,100,28
2024-02-13,keyword4,Direct,1866,96,0.2907,0.19,565.07,374,100
2024-04-07,keyword1,Organic Search,547,21,0.2864,0.19,347.87,193,97
2024-02-24,keyword3,Organic Search,1256,96,0.4524,0.11,441.89,145,5
2024-03-13,keyword2,Referral,9676,52,0.3993,0.54,413.98,318,19
2024-01-13,keyword5,Organic Search,1470,71,0.1626,0.21,582.52,472,50
2024-04-22,keyword3,Social,1922,25,0.1034,0.21,280.22,342,21
2024-03-12,keyword3,Organic Search,2698,38,0.444,0.57,491.3,420,4
2024-03-30,keyword2,Organic Search,9124,9,0.1845,0.49,590.67,14,62
2024-03-26,keyword1,Organic Search,4107,47,0.0136,0.14,508.41,282,51
2024-05-25,keyword5,Social,717,24,0.0456,0.59,356.42,333,66
2024-04-11,keyword1,Social,892,30,0.3304,0.88,448.94,188,70
2024-03-06,keyword1,Direct,7683,48,0.0981,0.98,318.49,141,32
2024-04-16,keyword4,Social,5333,50,0.0771,0.19,437.02,277,85
2024-02-13,keyword4,Direct,3972,76,0.1489,0.68,493.88,438,19
2024-03-26,keyword3,Organic Search,6850,83,0.1951,0.91,269.36,127,15
2024-05-25,keyword3,Referral,7295,53,0.0822,0.81,210.38,14,64
2024-01-19,keyword1,Social,8905,9,0.2378,0.45,308.5,133,51
2024-02-02,keyword4,Direct,3818,48,0.0708,0.51,126.72,35,28
2024-04-19,keyword4,Direct,2737,4,0.1587,0.49,221.15,498,60
2024-05-04,keyword4,Referral,9733,44,0.2717,0.94,593.7,374,82
2024-04-16,keyword3,Organic Search,9337,99,0.0267,0.92,509.8,29,30
2024-05-07,keyword5,Referral,8132,3,0.0609,0.52,109.69,411,6
2024-01-25,keyword1,Referral,870,15,0.4547,0.53,207.96,146,99
2024-03-30,keyword2,Direct,8078,73,0.3982,0.94,148.73,492,58
2024-01-28,keyword1,Organic Search,2329,93,0.4557,0.24,583.03,149,87
2024-01-07,keyword4,Organic Search,5069,17,0.4031,0.99,241.38,211,30
2024-03-05,keyword2,Social,602,98,0.2461,0.82,522.44,191,38
2024-04-10,keyword2,Referral,6010,3,0.3809,0.47,195.28,440,56
2024-03-23,keyword5,Direct,4206,8,0.0945,0.96,402.15,486,58
2024-02-05,keyword4,Direct,2302,34,0.1765,0.49,64.66,474,35
2024-04-06,keyword2,Referral,1244,7,0.1346,0.84,371.6,456,47
2024-03-11,keyword4,Social,3729,85,0.1385,0.61,172.52,469,19
2024-03-20,keyword3,Social,9115,3,0.2225,0.46,277.92,485,58
2024-04-30,keyword5,Social,1305,19,0.4783,0.68,400.9,450,61
2024-01-28,keyword1,Social,448,66,0.0762,0.15,595.45,116,43
2024-04-03,keyword1,Organic Search,6554,67,0.346,0.23,205.49,472,81
2024-03-05,keyword3,Referral,1616,94,0.0483,0.4,455.37,141,34
2024-05-17,keyword3,Organic Search,1773,16,0.252,0.55,517.9,349,18
2024-03-08,keyword3,Referral,7507,10,0.3148,0.74,389.84,338,53
2024-05-19,keyword4,Referral,2859,27,0.2182,0.11,570.85,490,24
2024-04-19,keyword4,Direct,8874,36,0.3393,0.14,517.39,351,30
2024-02-07,keyword1,Social,3985,32,0.3982,0.36,235.95,205,48
2024-02-03,keyword3,Organic Search,4425,18,0.318,0.27,428.23,370,64
2024-02-05,keyword3,Social,9896,66,0.2013,0.73,177.91,25,47
2024-02-07,keyword2,Social,5571,94,0.2828,0.51,536.3,359,18
2024-01-04,keyword3,Direct,9915,10,0.0705,0.61,153.02,277,59
2024-01-12,keyword3,Social,3171,12,0.4921,0.44,83.08,124,55
2024-01-17,keyword3,Organic Search,6051,87,0.2936,0.46,194.01,314,71
2024-03-05,keyword3,Organic Search,8274,10,0.3098,0.43,325.73,464,57
2024-01-05,keyword1,Organic Search,8857,77,0.2448,0.13,532.35,390,47
2024-03-17,keyword3,Direct,6271,34,0.0872,0.24,427.74,381,23
2024-03-28,keyword5,Referral,9308,24,0.3447,0.11,376.25,134,67
2024-03-31,keyword2,Social,603,83,0.164,0.62,70.82,144,87
2024-03-01,keyword5,Referral,3319,63,0.3969,0.51,106.6,128,72
2024-03-30,keyword4,Organic Search,9904,94,0.2438,0.63,263.56,487,95
2024-03-28,keyword1,Organic Search,9346,6,0.2536,0.36,354.27,382,66
2024-05-15,keyword5,Referral,2648,60,0.1387,0.68,175.29,352,82
2024-01-20,keyword3,Social,5321,98,0.4297,0.62,478.09,349,85
2024-03-24,keyword5,Organic Search,7444,64,0.3245,0.36,138.89,351,8
2024-02-20,keyword5,Direct,3575,2,0.4989,0.38,406.57,399,99
2024-04-04,keyword1,Direct,6158,25,0.1518,0.95,379.64,36,1
2024-03-13,keyword1,Social,2743,91,0.1084,0.63,168.61,240,72
2024-04-20,keyword2,Social,1790,79,0.2882,0.93,62.14,0,42
2024-02-06,keyword4,Social,8454,20,0.3963,0.37,461.14,123,1
2024-04-10,keyword5,Organic Search,9733,29,0.318,0.89,358.14,215,78
2024-03-26,keyword1,Direct,3029,64,0.3394,0.95,445.34,357,27
2024-01-21,keyword5,Social,6502,61,0.2403,0.29,285.08,166,60
2024-03-11,keyword5,Organic Search,4024,16,0.4024,0.5,568.56,413,57
2024-04-27,keyword3,Organic Search,9752,75,0.3772,0.56,347.49,105,47
2024-02-06,keyword2,Direct,3458,43,0.1665,0.3,396.26,435,23
2024-02-05,keyword4,Organic Search,3477,47,0.1234,0.38,64.72,467,5
2024-01-17,keyword2,Referral,1207,27,0.1463,0.39,509.88,128,54
2024-01-02,keyword4,Social,9837,96,0.4516,0.74,151.97,98,24
2024-01-24,keyword4,Social,4871,64,0.3869,0.5,74.29,37,86
2024-05-22,keyword5,Organic Search,7265,42,0.364,0.24,360.55,461,33
2024-05-04,keyword4,Referral,3585,17,0.3499,0.18,436.19,200,12
2024-05-20,keyword1,Organic Search,4513,13,0.2284,0.12,511.24,310,34
2024-02-07,keyword2,Direct,8943,90,0.4494,0.2,432.89,274,96
2024-01-23,keyword5,Referral,6539,46,0.4771,0.54,504.17,205,41
2024-04-23,keyword3,Social,1008,76,0.0568,0.92,204.81,125,74
2024-05-24,keyword5,Organic Search,4729,90,0.249,0.91,468.39,415,74
2024-04-09,keyword5,Referral,3463,77,0.4389,0.1,77.76,412,88
2024-01-01,keyword5,Organic Search,1518,26,0.3992,0.37,593.99,468,62
2024-04-28,keyword4,Direct,1019,67,0.4762,0.14,400.82,469,96
2024-05-24,keyword4,Referral,3165,46,0.3508,0.5,170.68,77,57
2024-01-12,keyword4,Direct,7452,27,0.1228,0.91,521.67,341,31
2024-03-29,keyword4,Organic Search,6709,47,0.441,0.63,505.45,197,70
2024-01-26,keyword3,Referral,9090,93,0.4674,0.38,544.17,444,27
2024-05-07,keyword1,Direct,9364,67,0.2944,0.28,285.85,434,25
2024-04-22,keyword1,Referral,8186,40,0.077,0.85,40.04,257,80
2024-02-24,keyword1,Referral,5442,12,0.4432,0.63,32.04,500,87
2024-02-25,keyword4,Social,2444,70,0.4523,0.57,595.5,278,75
2024-02-06,keyword2,Organic Search,5467,48,0.0429,0.37,234.14,498,73
2024-01-17,keyword5,Organic Search,4846,14,0.2211,0.54,165.17,357,84
2024-02-29,keyword2,Direct,2100,59,0.0774,0.1,428.96,94,62
2024-05-03,keyword5,Social,6246,9,0.425,0.25,563.73,293,18
2024-02-12,keyword3,Referral,8250,97,0.0377,0.93,185.21,81,49
2024-05-20,keyword4,Organic Search,4925,64,0.1582,0.61,243.13,450,92
2024-02-29,keyword3,Social,9053,28,0.0415,0.94,461.27,25,15
2024-02-18,keyword1,Referral,3221,94,0.0784,0.36,561.66,371,97
2024-04-26,keyword1,Social,1639,8,0.2763,0.18,502.6,293,91
2024-04-11,keyword4,Referral,5066,38,0.0762,0.15,209.59,467,93
2024-05-07,keyword4,Organic Search,391,40,0.4237,0.43,350.93,379,22
2024-02-26,keyword5,Organic Search,9021,8,0.2217,0.93,360.05,338,88
2024-01-17,keyword3,Referral,1088,58,0.4275,0.67,102.71,250,49
2024-03-05,keyword4,Referral,6824,32,0.0726,0.47,388.4,215,68
2024-04-15,keyword3,Referral,9351,65,0.3235,0.44,122.82,200,66
2024-03-20,keyword1,Referral,7231,98,0.3454,0.97,452.03,152,29
2024-02-07,keyword4,Direct,2701,7,0.399,0.88,522.38,140,42
2024-05-24,keyword1,Social,6332,39,0.4074,0.78,213.37,288,31
2024-02-04,keyword2,Direct,8906,30,0.2744,0.79,389.25,89,75
2024-01-03,keyword3,Organic Search,5316,86,0.1546,0.96,152.22,246,59
2024-01-17,keyword3,Social,4219,5,0.4442,0.11,43.32,87,13
2024-03-03,keyword3,Referral,6235,21,0.1374,0.4,530.26,327,82
2024-03-10,keyword2,Organic Search,5029,84,0.2525,0.73,359.78,310,97
2024-05-12,keyword4,Social,9431,51,0.2608,0.22,246.55,89,74
2024-02-15,keyword4,Referral,2652,24,0.2633,0.53,550.65,401,82
2024-04-12,keyword3,Referral,5645,90,0.3072,0.24,517.27,191,19
2024-04-06,keyword2,Direct,558,25,0.3103,0.5,382.47,192,94
2024-05-08,keyword5,Referral,2555,32,0.1567,0.39,468.11,114,7
2024-05-01,keyword5,Organic Search,3949,93,0.0657,0.43,85.59,489,34
2024-04-03,keyword1,Organic Search,4605,16,0.432,0.74,460.87,470,61
2024-01-28,keyword3,Direct,7858,2,0.4453,0.71,429.32,269,48
2024-03-19,keyword4,Organic Search,739,81,0.3525,0.81,550.2,220,16
2024-03-05,keyword3,Referral,2471,62,0.1148,0.33,332.49,463,69
2024-02-18,keyword4,Referral,4484,1,0.4127,0.5,63.31,303,66
2024-01-13,keyword4,Direct,4245,56,0.1929,0.16,391.44,158,74
2024-02-21,keyword4,Social,6478,39,0.1016,0.72,520.12,291,68
2024-01-08,keyword5,Referral,6951,68,0.0397,0.82,540.82,157,81
2024-01-08,keyword1,Organic Search,2873,58,0.1764,0.11,165.3,367,93
2024-05-17,keyword2,Organic Search,5963,23,0.3803,0.98,521.19,28,96
2024-02-29,keyword5,Referral,5023,92,0.4964,0.34,158.1,473,42
2024-03-11,keyword2,Social,2265,37,0.1601,0.58,360.71,317,48
2024-01-01,keyword5,Direct,6603,59,0.0489,0.79,429.2,257,29
2024-04-09,keyword2,Organic Search,3428,17,0.4641,0.74,117.79,253,79
2024-05-12,keyword1,Organic Search,5410,65,0.3998,0.15,96.58,29,76
2024-05-05,keyword4,Referral,5806,89,0.4226,0.41,90.15,249,7
2024-01-11,keyword5,Direct,5649,85,0.071,0.32,178.46,314,15
2024-05-01,keyword3,Organic Search,5242,86,0.2284,0.93,179.83,234,20
2024-05-06,keyword5,Social,7116,34,0.4565,0.73,575.32,384,93
2024-05-05,keyword4,Direct,786,28,0.4797,0.86,191.18,132,5
2024-03-16,keyword2,Referral,3545,6,0.3484,0.35,306.39,422,97
2024-05-16,keyword2,Organic Search,4463,32,0.3253,0.87,554.09,443,60
2024-05-05,keyword5,Direct,696,47,0.4545,0.21,577.57,263,2
2024-03-17,keyword1,Direct,5429,54,0.143,0.57,144.96,326,7
2024-01-09,keyword5,Organic Search,329,20,0.3142,0.16,170.47,397,53
2024-04-05,keyword1,Social,4300,69,0.3487,0.13,169.91,300,90
2024-03-18,keyword3,Organic Search,9466,33,0.4501,0.11,230.9,115,58
2024-02-06,keyword5,Organic Search,2992,38,0.2839,0.66,188.75,273,9
2024-05-06,keyword4,Organic Search,9561,65,0.0666,0.92,121.21,166,91
2024-02-03,keyword4,Social,4462,70,0.1489,0.28,383.86,67,58
2024-01-12,keyword2,Organic Search,8042,11,0.0667,0.14,559.01,180,22
2024-04-17,keyword1,Organic Search,7127,57,0.1808,0.22,428.89,289,58
2024-03-02,keyword3,Direct,5927,66,0.1222,0.31,37.95,180,63
2024-01-15,keyword2,Direct,7050,59,0.2283,0.87,258.53,102,65
2024-02-22,keyword5,Social,6353,4,0.3339,0.5,310.64,166,92
2024-05-08,keyword3,Referral,350,76,0.181,0.85,343.44,202,92
2024-04-21,keyword3,Organic Search,5869,16,0.4938,0.7,585.16,360,68
2024-03-23,keyword5,Direct,5760,55,0.4757,0.52,214.26,401,95
2024-05-19,keyword4,Social,3561,39,0.241,0.9,278.82,33,41
2024-05-25,keyword4,Referral,8976,39,0.103,0.56,54.21,81,22
2024-01-04,keyword1,Social,500,33,0.1448,0.37,254.83,223,35
2024-05-20,keyword3,Social,1196,1,0.1378,0.94,211.1,183,91
2024-02-15,keyword2,Social,5154,41,0.1393,0.27,587.39,254,5
2024-05-19,keyword1,Direct,272,23,0.1172,0.4,288.38,429,77
2024-03-15,keyword4,Referral,8313,29,0.0806,0.7,418.0,471,57
2024-01-26,keyword5,Direct,6565,92,0.4591,0.85,403.23,459,88
2024-05-23,keyword5,Social,5520,83,0.1182,0.77,544.48,24,57
2024-04-16,keyword4,Organic Search,730,82,0.0556,0.93,440.17,422,5
2024-03-08,keyword3,Direct,7295,78,0.177,0.29,453.94,263,17
2024-01-13,keyword3,Organic Search,4115,94,0.2621,0.76,448.28,468,46
2024-03-02,keyword4,Referral,6508,4,0.185,0.44,198.1,293,50
2024-02-23,keyword1,Direct,7679,52,0.4177,1.0,436.47,163,44
2024-02-12,keyword4,Organic Search,4076,95,0.4625,0.36,33.72,29,67
2024-01-19,keyword1,Referral,6669,53,0.2306,0.66,135.09,81,6
2024-05-09,keyword4,Referral,8182,46,0.4821,0.99,550.18,293,43
2024-04-15,keyword3,Direct,571,25,0.0996,0.69,548.93,301,96
2024-04-25,keyword3,Organic Search,5802,81,0.4853,0.94,410.5,97,84
2024-05-03,keyword2,Social,4997,45,0.2511,0.43,462.46,367,77
2024-03-18,keyword2,Referral,2496,77,0.3962,0.4,291.65,440,83
2024-03-29,keyword3,Direct,8003,81,0.3747,0.33,86.55,104,1
2024-01-13,keyword3,Referral,793,28,0.1625,0.61,169.84,33,25
2024-01-17,keyword4,Organic Search,3305,49,0.2134,0.84,56.4,429,97
2024-02-08,keyword1,Referral,8039,46,0.1732,0.13,461.2,125,94
2024-05-16,keyword4,Organic Search,6058,90,0.205,0.92,400.1,159,70
2024-01-10,keyword1,Direct,9885,67,0.4958,0.9,304.85,40,89
2024-01-18,keyword5,Social,1932,59,0.0523,0.2,109.84,54,80
2024-02-02,keyword5,Social,5984,59,0.4173,0.4,468.9,392,84
2024-01-12,keyword5,Social,233,46,0.3335,0.38,586.99,89,21
2024-02-09,keyword3,Referral,8487,56,0.4644,0.51,370.08,213,16
2024-02-12,keyword5,Referral,1238,26,0.2586,0.8,274.26,370,79
2024-01-19,keyword2,Social,1245,42,0.1601,0.33,109.95,216,72
2024-02-07,keyword1,Referral,1940,83,0.3292,0.28,500.79,422,100
2024-01-04,keyword2,Organic Search,7443,41,0.4057,0.71,406.8,257,24
2024-04-29,keyword4,Organic Search,6015,57,0.3858,0.58,264.35,71,91
2024-03-27,keyword2,Direct,723,1,0.134,0.37,207.79,262,44
2024-01-30,keyword1,Organic Search,1749,10,0.084,0.72,122.87,286,19
2024-05-24,keyword3,Direct,6823,57,0.305,0.59,264.21,497,40
2024-02-07,keyword1,Referral,5781,98,0.1229,0.77,476.9,42,35
2024-05-04,keyword3,Direct,9026,70,0.4095,0.66,273.79,138,70
2024-03-10,keyword2,Direct,2206,70,0.2569,0.79,283.51,266,64
2024-04-18,keyword3,Organic Search,7302,71,0.4613,0.86,215.05,103,52
2024-01-02,keyword4,Social,5058,51,0.1618,0.29,161.16,46,79
2024-04-07,keyword1,Referral,9555,39,0.2513,0.79,511.66,437,56
2024-01-02,keyword5,Referral,7428,11,0.0118,0.99,58.89,432,97
2024-02-13,keyword2,Referral,637,51,0.2741,0.62,211.94,297,25
2024-02-11,keyword5,Referral,7336,5,0.497,0.34,475.71,149,5
2024-04-12,keyword4,Social,6315,72,0.1751,0.29,43.19,55,92
2024-01-13,keyword5,Organic Search,8077,19,0.2752,0.67,594.06,356,9
2024-05-05,keyword1,Organic Search,9040,50,0.334,0.38,267.01,194,87
2024-05-16,keyword2,Referral,2918,6,0.372,0.22,278.02,150,47
2024-01-11,keyword3,Social,8709,15,0.1491,0.69,46.74,185,65
2024-05-17,keyword1,Referral,1390,41,0.3547,0.99,391.5,409,31
2024-02-27,keyword3,Organic Search,6802,34,0.3215,0.3,409.58,6,30
2024-05-09,keyword1,Referral,4253,66,0.0781,0.45,257.45,351,88
2024-02-14,keyword2,Social,6564,17,0.1469,0.77,421.73,428,26
2024-02-17,keyword3,Direct,5161,48,0.4288,0.25,229.65,437,27
2024-01-19,keyword2,Social,5273,3,0.0828,0.77,233.7,200,61
2024-01-01,keyword4,Direct,2916,6,0.119,0.17,151.31,283,47
2024-04-24,keyword5,Referral,5721,49,0.0847,0.83,96.46,179,65
2024-05-12,keyword4,Social,6394,26,0.112,0.81,142.17,44,93
2024-02-26,keyword1,Social,6380,56,0.355,0.13,326.52,273,67
2024-02-24,keyword1,Organic Search,7860,66,0.4032,0.47,372.71,443,97
2024-05-08,keyword5,Referral,1664,70,0.0713,0.21,362.17,320,87
2024-04-28,keyword5,Social,5337,15,0.0509,0.16,448.73,192,34
2024-01-29,keyword3,Direct,808,49,0.3949,0.91,216.86,3,15
2024-02-09,keyword5,Social,3548,42,0.016,0.2,556.53,126,11
2024-04-09,keyword3,Social,3354,83,0.1309,0.55,54.16,251,30
2024-03-20,keyword5,Direct,1281,47,0.1742,0.11,109.59,377,10
2024-02-25,keyword1,Organic Search,5748,56,0.32,0.86,576.6,439,95
2024-02-22,keyword3,Referral,4340,36,0.4952,0.6,548.05,393,68
2024-02-10,keyword1,Referral,2644,57,0.0167,0.12,279.4,93,65
2024-02-25,keyword5,Organic Search,276,95,0.2423,0.99,402.07,169,44
2024-05-14,keyword1,Social,5298,94,0.374,0.13,153.17,240,28
2024-03-31,keyword5,Social,2230,25,0.0187,0.3,290.55,496,55
2024-03-01,keyword5,Organic Search,4597,86,0.4887,0.61,167.16,392,31
2024-02-04,keyword1,Organic Search,764,29,0.1821,0.94,506.62,298,56
2024-05-11,keyword3,Organic Search,1377,93,0.4795,0.49,465.28,186,38
2024-02-03,keyword2,Organic Search,2931,34,0.3143,0.72,296.87,33,52
2024-02-07,keyword1,Referral,6071,78,0.2224,0.38,68.74,460,20
2024-04-15,keyword3,Referral,3457,18,0.4302,0.11,282.45,485,47
2024-04-02,keyword1,Social,9519,71,0.4781,0.77,500.32,125,74
2024-02-05,keyword3,Referral,285,24,0.4076,0.68,143.0,241,53
2024-03-25,keyword1,Social,5934,51,0.4644,0.49,562.9,443,94
2024-03-06,keyword2,Social,8230,64,0.0269,0.57,56.72,180,20
2024-02-05,keyword5,Social,3724,41,0.2135,0.76,326.35,283,23
2024-03-23,keyword3,Social,4430,100,0.3466,0.53,567.01,343,39
2024-01-22,keyword4,Social,5962,82,0.1136,0.85,515.86,272,87
2024-02-21,keyword5,Direct,2644,92,0.3599,0.67,379.17,420,11
2024-05-22,keyword2,Organic Search,1228,11,0.3501,0.19,291.92,144,51
2024-05-07,keyword2,Organic Search,9927,53,0.1599,0.46,487.27,325,6
2024-04-08,keyword3,Referral,7268,79,0.3053,0.83,73.33,372,92
2024-05-22,keyword3,Direct,7367,66,0.1516,0.65,60.75,279,37
2024-03-14,keyword5,Social,4465,4,0.3526,0.94,400.02,40,73
2024-05-21,keyword2,Organic Search,5994,48,0.4844,0.44,116.92,24,97
2024-01-12,keyword2,Organic Search,1173,40,0.2175,0.97,197.28,160,47
2024-03-16,keyword3,Organic Search,7012,20,0.2188,0.63,204.82,149,7
2024-02-17,keyword1,Referral,8894,33,0.3157,0.47,187.9,412,77
2024-05-12,keyword3,Referral,8741,45,0.4047,0.68,370.56,161,57
2024-04-13,keyword1,Direct,3418,56,0.4671,0.29,93.4,36,32
2024-03-22,keyword3,Direct,8235,30,0.1383,0.77,263.88,307,98
2024-05-23,keyword3,Social,4534,49,0.248,0.71,177.21,136,45
2024-02-06,keyword4,Organic Search,5386,46,0.3125,0.21,68.44,266,87
2024-04-03,keyword4,Social,7302,99,0.2424,0.87,304.6,364,72
2024-03-23,keyword1,Organic Search,4629,46,0.4936,0.37,529.62,197,13
2024-04-16,keyword5,Organic Search,7292,64,0.2135,0.19,38.23,230,36
2024-01-11,keyword1,Direct,8833,9,0.2309,0.88,317.23,211,19
2024-03-04,keyword3,Referral,9187,94,0.1785,0.61,286.74,247,72
2024-03-08,keyword1,Organic Search,3591,60,0.1111,0.95,194.55,398,26
2024-03-22,keyword4,Social,6353,74,0.3449,0.25,87.2,279,40
2024-02-13,keyword5,Organic Search,9119,7,0.3947,0.65,453.89,355,23
2024-01-20,keyword2,Referral,1329,2,0.2771,0.15,211.96,366,56
2024-03-09,keyword3,Direct,7742,83,0.4719,0.98,316.3,232,67
2024-05-14,keyword3,Referral,9708,88,0.1844,0.35,112.41,63,90
2024-05-01,keyword2,Referral,9982,14,0.4208,0.13,334.95,43,53
2024-01-15,keyword1,Social,9204,38,0.3598,0.76,400.76,263,59
2024-03-17,keyword4,Organic Search,8056,64,0.4907,0.68,170.24,219,17
2024-05-17,keyword3,Referral,5721,14,0.2603,0.87,586.29,365,55
2024-05-16,keyword4,Organic Search,9543,75,0.2571,0.35,576.88,305,45
2024-01-24,keyword1,Social,2039,55,0.3581,0.87,348.72,404,32
2024-05-18,keyword2,Organic Search,3578,34,0.4235,0.3,304.56,307,92
2024-03-14,keyword1,Social,2223,53,0.1974,0.98,594.39,498,48
2024-03-17,keyword5,Organic Search,9685,95,0.4801,0.7,270.85,485,86
2024-02-23,keyword4,Social,3595,25,0.113,0.62,324.79,177,34
2024-05-17,keyword3,Referral,6760,60,0.1639,0.16,118.83,154,54
2024-04-30,keyword5,Direct,6987,61,0.0124,0.33,314.22,285,15
2024-04-07,keyword3,Social,8853,72,0.3397,0.58,547.32,252,32
2024-02-10,keyword5,Direct,3051,76,0.3933,0.65,490.44,158,76
2024-04-24,keyword4,Direct,2506,9,0.4785,0.38,229.34,2,77
2024-01-20,keyword2,Social,4308,22,0.1357,0.45,342.25,455,81
2024-02-21,keyword5,Direct,583,95,0.1534,0.54,409.45,255,3
2024-02-29,keyword2,Organic Search,8726,6,0.2282,0.81,43.24,311,26
2024-04-07,keyword3,Direct,1603,21,0.1787,0.69,593.36,366,51
2024-02-02,keyword4,Referral,8159,50,0.3367,0.6,413.94,247,60
2024-03-18,keyword3,Organic Search,9001,76,0.3606,0.3,545.38,440,58
2024-03-26,keyword2,Referral,8986,52,0.2708,0.96,245.69,158,17
2024-03-29,keyword3,Social,9890,73,0.2772,0.48,285.86,178,62
2024-05-20,keyword5,Social,1531,66,0.391,0.36,158.2,33,72
2024-03-24,keyword3,Organic Search,8304,35,0.1226,0.66,416.41,170,18
2024-05-11,keyword4,Direct,9888,26,0.1759,0.42,259.88,371,4
2024-04-04,keyword5,Social,5997,7,0.2748,0.5,354.48,130,43
2024-01-26,keyword4,Social,8920,33,0.1526,0.93,167.78,334,78
2024-02-23,keyword1,Social,9153,60,0.138,0.97,394.37,445,80
2024-03-29,keyword4,Organic Search,193,18,0.2202,0.87,103.71,154,77
2024-02-17,keyword2,Direct,9772,28,0.2913,0.87,447.57,430,3
2024-03-15,keyword5,Social,8583,8,0.4147,0.34,171.59,69,26
2024-01-17,keyword2,Social,1615,57,0.1923,0.38,468.79,325,52
2024-02-06,keyword4,Referral,9809,16,0.0564,0.98,428.79,222,38
2024-02-14,keyword2,Social,8119,79,0.1906,0.62,596.42,430,39
2024-03-20,keyword4,Social,9727,33,0.4353,0.81,446.66,73,61
2024-01-09,keyword5,Referral,4228,73,0.3333,0.29,577.69,273,97
2024-04-08,keyword4,Social,4926,99,0.1847,0.73,170.55,387,55
2024-04-19,keyword5,Social,6874,50,0.1936,0.72,213.25,473,52
2024-03-29,keyword1,Referral,3049,7,0.0289,0.25,105.27,64,51
2024-05-03,keyword1,Social,2046,96,0.3765,0.23,348.24,274,42
2024-02-28,keyword2,Social,8554,90,0.4514,0.21,285.02,68,8
2024-05-05,keyword1,Referral,9488,38,0.2674,0.24,403.24,123,42
2024-02-29,keyword2,Direct,4223,73,0.2555,0.92,291.49,171,29
2024-02-05,keyword3,Social,7277,68,0.3339,0.97,158.41,166,69
2024-02-07,keyword1,Organic Search,8186,69,0.4784,0.88,51.83,338,74
2024-05-05,keyword1,Referral,2698,77,0.0359,0.79,593.61,254,39
2024-01-26,keyword3,Direct,2912,22,0.3411,0.49,366.26,494,93
2024-04-23,keyword3,Referral,5864,22,0.0503,0.59,439.96,23,27
2024-03-03,keyword3,Referral,7543,62,0.2649,0.81,341.13,18,98
2024-01-18,keyword3,Referral,3311,26,0.4265,0.2,557.84,129,17
2024-03-23,keyword5,Social,3048,12,0.4776,0.76,150.0,11,90
2024-03-23,keyword5,Organic Search,1071,3,0.4816,0.44,263.39,384,95
2024-01-14,keyword3,Referral,7145,56,0.1546,0.85,538.13,370,89
2024-05-05,keyword5,Organic Search,8104,97,0.0442,0.73,59.95,382,87
2024-01-06,keyword4,Direct,4827,57,0.4548,0.92,170.64,322,87
2024-04-03,keyword4,Direct,8807,66,0.3343,0.25,593.74,364,4
2024-04-29,keyword5,Organic Search,5117,67,0.1802,0.86,235.39,42,33
2024-04-13,keyword3,Referral,5356,10,0.4339,0.45,549.38,21,84
2024-03-29,keyword4,Direct,9692,81,0.0199,0.98,369.24,76,48
2024-02-25,keyword4,Direct,163,79,0.4637,0.49,465.36,257,10
2024-03-26,keyword3,Referral,5160,49,0.3591,0.91,52.02,449,43
2024-03-30,keyword1,Direct,7240,50,0.2571,0.85,48.86,109,23
2024-01-23,keyword3,Direct,4326,22,0.1495,0.63,299.81,91,49
2024-02-24,keyword4,Direct,3888,12,0.1751,0.19,249.83,473,98
2024-02-28,keyword2,Direct,7278,27,0.0214,0.74,93.68,174,15
2024-04-19,keyword5,Organic Search,3915,54,0.2465,0.95,547.56,238,88
2024-02-15,keyword3,Direct,9430,16,0.3032,0.17,223.7,134,31
2024-01-15,keyword4,Direct,411,27,0.4382,0.93,431.55,252,68
2024-02-12,keyword4,Direct,9756,70,0.2519,0.64,112.84,86,72
2024-05-08,keyword3,Social,5717,30,0.3795,0.85,203.61,172,72
2024-02-09,keyword4,Social,2665,90,0.4615,0.32,420.43,424,63
2024-02-13,keyword5,Direct,1228,28,0.0482,0.82,523.4,461,78
2024-03-05,keyword4,Social,5980,73,0.3273,0.52,483.38,43,44
2024-04-17,keyword2,Organic Search,1786,98,0.1317,0.51,393.76,175,17
2024-01-07,keyword3,Referral,1836,29,0.4467,0.29,173.5,335,77
2024-03-14,keyword1,Organic Search,9945,75,0.3282,0.76,304.73,414,70
2024-03-18,keyword1,Social,8825,73,0.1966,0.35,313.33,145,34
2024-01-01,keyword1,Social,2145,55,0.3338,0.31,192.93,269,19
2024-02-01,keyword3,Social,812,75,0.1109,0.16,247.49,352,14
2024-03-13,keyword2,Referral,7334,26,0.4182,0.35,236.85,472,13
2024-01-16,keyword4,Organic Search,1221,79,0.49,0.69,222.78,31,11
2024-05-04,keyword3,Direct,549,11,0.0266,0.15,416.41,462,52
2024-03-19,keyword3,Organic Search,3805,20,0.1523,0.25,404.45,407,78
2024-04-19,keyword4,Referral,9000,11,0.1731,0.28,367.6,203,5
2024-05-20,keyword3,Referral,1950,23,0.1624,0.2,507.81,270,92
2024-03-28,keyword2,Social,6170,49,0.4463,0.53,155.49,428,38
2024-05-08,keyword5,Referral,4077,29,0.1018,0.58,390.85,119,24
2024-05-14,keyword4,Direct,4720,49,0.1464,0.31,194.04,423,14
2024-01-12,keyword3,Organic Search,3855,67,0.098,0.69,99.72,137,70
2024-01-02,keyword2,Organic Search,3641,48,0.0488,0.29,156.9,165,35
2024-03-07,keyword3,Direct,6690,7,0.4964,0.31,141.26,498,77
2024-05-03,keyword2,Direct,9825,72,0.4579,0.4,305.52,211,75
2024-05-13,keyword4,Organic Search,7120,66,0.3802,0.95,252.51,226,6
2024-03-09,keyword5,Organic Search,3338,97,0.4418,0.51,592.21,126,70
2024-03-05,keyword4,Social,8341,4,0.1291,0.76,428.88,234,78
2024-02-04,keyword4,Organic Search,1936,28,0.2576,0.63,507.85,358,10
2024-04-08,keyword5,Direct,840,27,0.0993,0.48,292.95,459,53
2024-03-10,keyword4,Social,196,34,0.0261,0.9,191.11,325,83
2024-05-10,keyword5,Direct,4637,7,0.2237,0.87,250.64,305,6
2024-04-02,keyword1,Referral,9522,98,0.071,0.83,65.23,151,63
2024-02-18,keyword3,Referral,1491,26,0.304,0.95,74.85,464,20
2024-02-02,keyword3,Social,8041,96,0.3844,0.25,261.78,458,37
2024-04-24,keyword1,Referral,8027,63,0.1382,0.97,549.43,149,70
2024-05-05,keyword4,Organic Search,7556,74,0.4214,0.41,215.43,284,58
2024-01-06,keyword1,Social,3666,46,0.1041,0.85,366.5,373,16
2024-01-05,keyword2,Referral,7061,27,0.3815,0.47,434.92,437,79
2024-04-28,keyword2,Organic Search,9322,20,0.4987,0.84,112.89,411,64
