date,campaign,platform,impressions,clicks,cost,conversions,cpc,conversion_rate,roas,cpa
2024-04-12,Campaign3,LinkedIn Ads,15447,767,1059.25,115,1.38,0.1499,5.06,9.21
2024-01-09,Campaign4,Facebook Ads,8088,709,9146.6,577,12.9,0.8138,9.57,15.85
2024-01-29,Campaign1,Google Ads,94151,7734,1021.73,479,0.13,0.0619,2.74,2.13
2024-02-08,Campaign3,Facebook Ads,79504,7659,1365.87,170,0.18,0.0222,2.51,8.03
2024-03-03,Campaign3,Google Ads,13276,9239,8532.09,777,0.92,0.0841,3.78,10.98
2024-05-26,Campaign1,Twitter Ads,88430,8715,6752.57,955,0.77,0.1096,2.32,7.07
2024-05-15,Campaign4,Instagram Ads,26189,4031,7368.17,699,1.83,0.1734,7.55,10.54
2024-02-24,Campaign5,Facebook Ads,65156,1425,9365.04,567,6.57,0.3979,1.51,16.52
2024-01-04,Campaign3,Facebook Ads,81740,9693,8016.83,198,0.83,0.0204,8.06,40.49
2024-03-10,Campaign3,Google Ads,96312,7428,2748.13,666,0.37,0.0897,9.46,4.13
2024-05-19,Campaign2,Instagram Ads,81888,8082,9702.61,970,1.2,0.12,7.12,10.0
2024-05-25,Campaign3,Twitter Ads,71325,5223,5614.47,297,1.07,0.0569,9.8,18.9
2024-03-12,Campaign3,Facebook Ads,33728,3054,567.95,457,0.19,0.1496,9.75,1.24
2024-04-03,Campaign3,LinkedIn Ads,71642,7545,6954.82,304,0.92,0.0403,6.56,22.88
2024-03-31,Campaign1,LinkedIn Ads,52757,7295,377.7,648,0.05,0.0888,1.14,0.58
2024-01-11,Campaign3,Instagram Ads,30465,6765,1157.69,330,0.17,0.0488,4.64,3.51
2024-05-05,Campaign5,LinkedIn Ads,86114,9119,5324.08,129,0.58,0.0141,6.18,41.27
2024-04-23,Campaign1,Facebook Ads,86849,4634,3897.93,32,0.84,0.0069,1.44,121.81
2024-01-05,Campaign4,LinkedIn Ads,59026,6002,5943.3,839,0.99,0.1398,9.74,7.08
2024-04-22,Campaign5,LinkedIn Ads,35878,8497,2240.87,179,0.26,0.0211,2.05,12.52
2024-05-14,Campaign5,Twitter Ads,67734,3867,8277.07,144,2.14,0.0372,2.78,57.48
2024-05-13,Campaign5,Instagram Ads,89209,5779,5159.35,697,0.89,0.1206,6.66,7.4
2024-04-26,Campaign5,Facebook Ads,23371,994,6815.81,495,6.86,0.498,3.77,13.77
2024-04-03,Campaign1,Twitter Ads,79996,8902,9077.73,235,1.02,0.0264,7.1,38.63
2024-01-26,Campaign2,Google Ads,16679,5141,6641.95,597,1.29,0.1161,5.56,11.13
2024-04-12,Campaign4,LinkedIn Ads,28125,4501,1992.45,924,0.44,0.2053,7.44,2.16
2024-02-07,Campaign1,Twitter Ads,84590,816,7983.44,326,9.78,0.3995,1.7,24.49
2024-01-11,Campaign3,Instagram Ads,46775,9656,1104.78,233,0.11,0.0241,8.59,4.74
2024-01-12,Campaign3,Instagram Ads,3402,2341,9160.04,690,3.91,0.2947,6.29,13.28
2024-02-13,Campaign5,Google Ads,23207,3158,9862.47,718,3.12,0.2274,6.38,13.74
2024-01-17,Campaign5,Google Ads,35370,9360,891.98,732,0.1,0.0782,8.21,1.22
2024-02-05,Campaign2,Instagram Ads,45603,5674,600.8,309,0.11,0.0545,7.46,1.94
2024-01-23,Campaign2,Twitter Ads,96342,9608,3521.84,243,0.37,0.0253,7.97,14.49
2024-04-19,Campaign4,Facebook Ads,36345,5838,9415.28,205,1.61,0.0351,3.78,45.93
2024-05-04,Campaign5,Google Ads,52958,3029,8652.63,275,2.86,0.0908,6.24,31.46
2024-05-16,Campaign1,Twitter Ads,24734,9947,7917.98,60,0.8,0.006,2.71,131.97
2024-03-18,Campaign3,LinkedIn Ads,74891,8499,5443.29,151,0.64,0.0178,9.06,36.05
2024-02-10,Campaign5,Facebook Ads,43383,3105,9231.9,293,2.97,0.0944,6.53,31.51
2024-02-18,Campaign3,Facebook Ads,85511,1312,7333.37,285,5.59,0.2172,8.33,25.73
2024-05-21,Campaign3,Facebook Ads,12337,6072,3014.61,68,0.5,0.0112,9.8,44.33
2024-05-16,Campaign1,Instagram Ads,37140,230,2490.81,895,10.83,3.8913,7.81,2.78
2024-03-15,Campaign5,LinkedIn Ads,94240,7599,1603.69,366,0.21,0.0482,1.0,4.38
2024-05-25,Campaign4,Twitter Ads,53779,5583,4639.11,313,0.83,0.0561,6.94,14.82
2024-03-13,Campaign5,LinkedIn Ads,37151,198,7416.04,402,37.45,2.0303,3.35,18.45
2024-05-08,Campaign3,Twitter Ads,24810,5451,6918.93,813,1.27,0.1491,4.03,8.51
2024-04-10,Campaign5,Google Ads,52464,3451,6181.33,360,1.79,0.1043,7.92,17.17
2024-05-18,Campaign4,LinkedIn Ads,79141,1013,876.27,134,0.87,0.1323,4.29,6.54
2024-03-19,Campaign4,Google Ads,94950,3029,2019.95,816,0.67,0.2694,3.49,2.48
2024-05-15,Campaign1,Facebook Ads,99823,9901,6225.0,909,0.63,0.0918,4.86,6.85
2024-04-25,Campaign2,LinkedIn Ads,47726,1526,1598.87,890,1.05,0.5832,1.64,1.8
2024-05-26,Campaign2,LinkedIn Ads,16189,4133,6130.69,925,1.48,0.2238,4.47,6.63
2024-03-15,Campaign1,LinkedIn Ads,41518,3206,2179.02,131,0.68,0.0409,1.35,16.63
2024-03-13,Campaign2,Instagram Ads,63223,3635,9349.99,887,2.57,0.244,8.62,10.54
2024-05-20,Campaign1,LinkedIn Ads,67159,5541,4570.89,422,0.82,0.0762,6.99,10.83
2024-05-02,Campaign3,Twitter Ads,31942,3243,3557.56,713,1.1,0.2199,4.05,4.99
2024-05-09,Campaign4,Google Ads,90870,8013,9873.12,118,1.23,0.0147,8.73,83.67
2024-03-18,Campaign3,Instagram Ads,64278,6691,3525.25,839,0.53,0.1254,3.66,4.2
2024-05-15,Campaign1,Instagram Ads,7968,9344,2972.2,870,0.32,0.0931,5.5,3.42
2024-01-31,Campaign1,Twitter Ads,58362,1140,9274.95,307,8.14,0.2693,4.58,30.21
2024-05-16,Campaign1,LinkedIn Ads,17380,3921,6117.92,301,1.56,0.0768,5.02,20.33
2024-04-01,Campaign3,Google Ads,70800,9480,8844.18,372,0.93,0.0392,6.82,23.77
2024-02-14,Campaign4,LinkedIn Ads,12000,8976,5995.66,976,0.67,0.1087,3.22,6.14
2024-02-26,Campaign2,Google Ads,21681,7835,8236.81,596,1.05,0.0761,1.69,13.82
2024-02-29,Campaign4,LinkedIn Ads,94709,4738,7559.29,862,1.6,0.1819,5.31,8.77
2024-03-11,Campaign4,Twitter Ads,14219,6185,6711.98,346,1.09,0.0559,9.44,19.4
2024-03-01,Campaign1,Facebook Ads,22626,2419,1462.44,278,0.6,0.1149,7.43,5.26
2024-02-28,Campaign4,Facebook Ads,2507,7776,7236.59,466,0.93,0.0599,3.81,15.53
2024-01-09,Campaign5,Google Ads,50075,6406,636.8,279,0.1,0.0436,9.88,2.28
2024-03-24,Campaign3,Google Ads,27076,1421,6794.99,567,4.78,0.399,7.27,11.98
2024-02-13,Campaign4,LinkedIn Ads,10667,6217,6926.92,86,1.11,0.0138,4.7,80.55
2024-01-10,Campaign5,LinkedIn Ads,79708,9909,3390.45,623,0.34,0.0629,6.65,5.44
2024-05-20,Campaign5,Facebook Ads,60160,8598,7975.22,620,0.93,0.0721,1.93,12.86
2024-03-20,Campaign3,Facebook Ads,58396,8976,916.76,78,0.1,0.0087,9.31,11.75
2024-03-27,Campaign1,LinkedIn Ads,85261,1505,8562.65,206,5.69,0.1369,4.28,41.57
2024-03-04,Campaign2,Google Ads,25003,9188,1701.93,201,0.19,0.0219,6.51,8.47
2024-02-01,Campaign5,LinkedIn Ads,49007,5192,2281.93,316,0.44,0.0609,3.45,7.22
2024-05-17,Campaign3,Instagram Ads,34574,8816,438.89,345,0.05,0.0391,9.28,1.27
2024-03-09,Campaign4,Twitter Ads,79782,3210,1016.53,997,0.32,0.3106,3.43,1.02
2024-04-11,Campaign3,Facebook Ads,82344,2431,2420.38,440,1.0,0.181,5.72,5.5
2024-03-29,Campaign5,Twitter Ads,28686,5738,863.44,75,0.15,0.0131,4.05,11.51
2024-01-01,Campaign1,Twitter Ads,6881,897,566.3,666,0.63,0.7425,1.9,0.85
2024-03-09,Campaign3,Google Ads,63248,5236,7268.34,450,1.39,0.0859,7.4,16.15
2024-04-14,Campaign4,Google Ads,22704,8840,959.5,586,0.11,0.0663,7.15,1.64
2024-05-20,Campaign5,LinkedIn Ads,50526,5145,2073.16,450,0.4,0.0875,2.95,4.61
2024-01-09,Campaign5,Instagram Ads,58095,9285,3750.44,188,0.4,0.0202,5.42,19.95
2024-02-18,Campaign5,Instagram Ads,88451,8908,1616.18,99,0.18,0.0111,2.68,16.33
2024-04-27,Campaign5,Twitter Ads,84725,1612,7488.36,24,4.65,0.0149,5.69,312.01
2024-04-23,Campaign1,Instagram Ads,88971,1111,9528.52,349,8.58,0.3141,5.27,27.3
2024-03-27,Campaign4,LinkedIn Ads,47999,187,983.44,38,5.26,0.2032,2.51,25.88
2024-04-22,Campaign5,Facebook Ads,1946,7903,4053.91,132,0.51,0.0167,6.47,30.71
2024-05-17,Campaign3,Instagram Ads,40421,2331,8767.13,686,3.76,0.2943,6.99,12.78
2024-05-12,Campaign3,Twitter Ads,22813,9670,9331.17,636,0.96,0.0658,6.41,14.67
2024-05-06,Campaign4,Facebook Ads,10381,110,3669.32,407,33.36,3.7,2.58,9.02
2024-02-23,Campaign1,Twitter Ads,74610,5587,6628.51,199,1.19,0.0356,5.27,33.31
2024-04-30,Campaign5,Instagram Ads,80839,1121,7536.39,897,6.72,0.8002,2.84,8.4
2024-05-18,Campaign3,Google Ads,23640,3157,7249.71,390,2.3,0.1235,7.92,18.59
2024-02-24,Campaign1,LinkedIn Ads,66840,5494,9832.46,545,1.79,0.0992,5.02,18.04
2024-03-01,Campaign5,Facebook Ads,55932,6827,6994.59,794,1.02,0.1163,3.85,8.81
2024-04-14,Campaign4,Google Ads,1016,6437,9951.27,963,1.55,0.1496,9.27,10.33
2024-05-04,Campaign1,Google Ads,79960,5280,4944.78,358,0.94,0.0678,1.81,13.81
2024-03-09,Campaign4,LinkedIn Ads,2663,4434,8677.88,979,1.96,0.2208,2.81,8.86
2024-03-23,Campaign3,Facebook Ads,40647,1093,9978.36,537,9.13,0.4913,2.98,18.58
2024-02-21,Campaign1,Google Ads,35931,8753,6439.14,326,0.74,0.0372,7.97,19.75
2024-03-01,Campaign5,LinkedIn Ads,26793,8861,8570.31,294,0.97,0.0332,6.31,29.15
2024-01-15,Campaign3,LinkedIn Ads,52563,7636,1871.45,903,0.25,0.1183,5.22,2.07
2024-01-01,Campaign1,Google Ads,90055,6180,5376.7,106,0.87,0.0172,5.55,50.72
2024-05-05,Campaign1,Facebook Ads,67442,5249,5642.7,243,1.08,0.0463,5.0,23.22
2024-04-21,Campaign5,Google Ads,64992,295,6095.6,817,20.66,2.7695,9.67,7.46
2024-01-13,Campaign3,Instagram Ads,95749,3287,613.35,444,0.19,0.1351,1.31,1.38
2024-04-25,Campaign4,Google Ads,79016,8767,7249.28,331,0.83,0.0378,5.33,21.9
2024-01-30,Campaign4,Google Ads,45446,5441,7186.45,801,1.32,0.1472,3.66,8.97
2024-03-05,Campaign4,Google Ads,68616,418,2420.05,695,5.79,1.6627,3.76,3.48
2024-01-05,Campaign2,Twitter Ads,2357,3634,8230.96,442,2.26,0.1216,3.93,18.62
2024-05-12,Campaign3,Facebook Ads,75449,2368,2330.13,579,0.98,0.2445,2.64,4.02
2024-03-16,Campaign4,Twitter Ads,15882,2174,7299.11,982,3.36,0.4517,1.63,7.43
2024-05-07,Campaign4,Google Ads,85475,6245,6835.69,420,1.09,0.0673,5.54,16.28
2024-01-31,Campaign3,Twitter Ads,68962,2727,7387.48,328,2.71,0.1203,9.06,22.52
2024-05-08,Campaign1,Twitter Ads,77753,2127,3659.09,838,1.72,0.394,4.94,4.37
2024-03-12,Campaign3,Facebook Ads,16103,5476,5733.55,964,1.05,0.176,8.8,5.95
2024-03-31,Campaign3,LinkedIn Ads,80743,5564,7820.69,540,1.41,0.0971,2.17,14.48
2024-02-16,Campaign1,Twitter Ads,16654,5879,7217.3,340,1.23,0.0578,2.75,21.23
2024-03-23,Campaign4,Twitter Ads,34099,5149,1394.77,398,0.27,0.0773,3.66,3.5
2024-01-29,Campaign4,Facebook Ads,81698,970,8168.26,373,8.42,0.3845,5.84,21.9
2024-05-17,Campaign5,Twitter Ads,68106,7187,184.81,169,0.03,0.0235,6.26,1.09
2024-05-06,Campaign2,Facebook Ads,87235,6877,9755.02,908,1.42,0.132,9.79,10.74
2024-04-12,Campaign5,LinkedIn Ads,38000,7281,5926.05,630,0.81,0.0865,10.0,9.41
2024-05-07,Campaign4,Google Ads,98464,9071,8578.44,761,0.95,0.0839,3.21,11.27
2024-04-10,Campaign3,Facebook Ads,40945,7924,2480.17,570,0.31,0.0719,2.55,4.35
2024-02-19,Campaign3,Instagram Ads,51573,7621,5161.4,339,0.68,0.0445,5.85,15.23
2024-01-09,Campaign1,Google Ads,4531,6751,7267.4,635,1.08,0.0941,6.2,11.44
2024-04-18,Campaign3,LinkedIn Ads,44305,2481,7918.77,764,3.19,0.3079,8.01,10.36
2024-04-15,Campaign1,Google Ads,64012,8066,9983.51,821,1.24,0.1018,6.7,12.16
2024-03-31,Campaign2,Instagram Ads,53203,3152,435.11,571,0.14,0.1812,6.51,0.76
2024-05-08,Campaign2,Instagram Ads,81534,3053,1379.07,484,0.45,0.1585,7.87,2.85
2024-05-05,Campaign2,Google Ads,46258,7978,3600.04,843,0.45,0.1057,3.08,4.27
2024-02-16,Campaign3,Google Ads,78995,7629,5441.04,127,0.71,0.0166,2.97,42.84
2024-03-02,Campaign1,Google Ads,55674,1667,399.46,356,0.24,0.2136,6.45,1.12
2024-04-20,Campaign5,Twitter Ads,32072,2783,5613.34,996,2.02,0.3579,6.21,5.64
2024-02-20,Campaign5,LinkedIn Ads,76846,9322,7219.46,470,0.77,0.0504,2.7,15.36
2024-01-18,Campaign1,Instagram Ads,17247,6858,2880.73,144,0.42,0.021,9.49,20.01
2024-01-02,Campaign3,Twitter Ads,38220,9276,6923.01,835,0.75,0.09,7.93,8.29
2024-01-06,Campaign4,Twitter Ads,16825,9157,8843.24,631,0.97,0.0689,3.82,14.01
2024-03-16,Campaign5,LinkedIn Ads,99637,5785,1483.84,893,0.26,0.1544,4.87,1.66
2024-05-13,Campaign1,Google Ads,80897,5370,7805.46,500,1.45,0.0931,5.26,15.61
2024-01-19,Campaign1,LinkedIn Ads,12175,2428,5036.62,655,2.07,0.2698,7.4,7.69
2024-03-11,Campaign3,Facebook Ads,13444,684,1662.53,823,2.43,1.2032,5.26,2.02
2024-05-03,Campaign5,Facebook Ads,92545,2326,146.44,140,0.06,0.0602,5.98,1.05
2024-01-16,Campaign2,LinkedIn Ads,79787,715,4958.78,15,6.94,0.021,8.5,330.59
2024-03-07,Campaign2,Google Ads,90422,8094,4695.68,105,0.58,0.013,4.84,44.72
2024-04-19,Campaign2,Google Ads,31403,2513,740.52,629,0.29,0.2503,8.51,1.18
2024-02-08,Campaign3,Instagram Ads,62560,1683,1409.77,178,0.84,0.1058,2.35,7.92
2024-03-24,Campaign3,LinkedIn Ads,4136,4662,3095.15,837,0.66,0.1795,3.98,3.7
2024-02-11,Campaign3,Twitter Ads,35677,251,2692.89,302,10.73,1.2032,3.93,8.92
2024-05-14,Campaign2,Google Ads,23182,207,3254.9,591,15.72,2.8551,6.92,5.51
2024-05-09,Campaign2,Google Ads,63864,4750,8772.12,552,1.85,0.1162,1.42,15.89
2024-05-21,Campaign5,Twitter Ads,80173,3970,8032.39,998,2.02,0.2514,5.15,8.05
2024-01-25,Campaign3,Google Ads,60621,6187,3660.02,756,0.59,0.1222,5.74,4.84
2024-03-27,Campaign2,Facebook Ads,3805,6047,9624.25,846,1.59,0.1399,7.97,11.38
2024-01-07,Campaign1,LinkedIn Ads,23116,384,9372.95,845,24.41,2.2005,6.01,11.09
2024-02-03,Campaign1,LinkedIn Ads,54256,2296,2139.33,873,0.93,0.3802,3.48,2.45
2024-05-26,Campaign3,Twitter Ads,19593,1898,4105.18,497,2.16,0.2619,3.83,8.26
2024-03-22,Campaign2,Facebook Ads,62932,2770,7363.05,114,2.66,0.0412,4.93,64.59
2024-04-02,Campaign2,Google Ads,32378,7756,6002.63,559,0.77,0.0721,2.66,10.74
2024-01-27,Campaign2,Google Ads,86576,8699,1542.33,364,0.18,0.0418,8.28,4.24
2024-05-14,Campaign5,Twitter Ads,56709,6016,3721.32,655,0.62,0.1089,3.9,5.68
2024-03-08,Campaign5,Instagram Ads,59911,257,5176.47,655,20.14,2.5486,3.93,7.9
2024-03-19,Campaign2,LinkedIn Ads,43804,7226,6824.12,40,0.94,0.0055,9.25,170.6
2024-03-29,Campaign1,Google Ads,76998,6972,8321.47,862,1.19,0.1236,5.51,9.65
2024-01-06,Campaign3,LinkedIn Ads,80036,7659,6060.81,839,0.79,0.1095,2.38,7.22
2024-04-14,Campaign4,Google Ads,18589,6065,5374.34,720,0.89,0.1187,6.98,7.46
2024-01-17,Campaign3,Google Ads,36573,980,7369.7,464,7.52,0.4735,6.26,15.88
2024-01-26,Campaign1,Instagram Ads,56096,5870,4468.82,421,0.76,0.0717,9.79,10.61
2024-03-15,Campaign4,Twitter Ads,64546,4675,7311.38,173,1.56,0.037,2.81,42.26
2024-03-25,Campaign3,LinkedIn Ads,68418,1448,9284.85,578,6.41,0.3992,8.45,16.06
2024-03-02,Campaign1,Facebook Ads,49006,8527,8025.09,918,0.94,0.1077,5.03,8.74
2024-04-10,Campaign3,Instagram Ads,57830,695,4657.25,205,6.7,0.295,9.24,22.72
2024-03-04,Campaign4,Facebook Ads,93518,1499,9137.89,140,6.1,0.0934,8.53,65.27
2024-05-14,Campaign1,Facebook Ads,73845,2663,5735.11,370,2.15,0.1389,9.17,15.5
2024-01-25,Campaign3,Facebook Ads,65163,9346,5099.06,795,0.55,0.0851,6.46,6.41
2024-02-13,Campaign2,Instagram Ads,88270,672,9164.95,176,13.64,0.2619,9.08,52.07
2024-01-26,Campaign2,Twitter Ads,20524,6200,5182.8,646,0.84,0.1042,4.77,8.02
2024-04-13,Campaign5,Instagram Ads,20635,6165,2637.67,771,0.43,0.1251,3.73,3.42
2024-04-02,Campaign2,Google Ads,40796,975,6836.06,501,7.01,0.5138,2.24,13.64
2024-05-14,Campaign5,Google Ads,81486,1553,8341.2,14,5.37,0.009,4.55,595.8
2024-01-10,Campaign2,Twitter Ads,90892,4615,3777.31,283,0.82,0.0613,3.14,13.35
2024-05-15,Campaign5,LinkedIn Ads,90365,2293,4801.24,595,2.09,0.2595,3.14,8.07
2024-05-04,Campaign3,Facebook Ads,31824,3086,775.5,600,0.25,0.1944,8.73,1.29
2024-04-24,Campaign1,Twitter Ads,65955,5806,8216.7,364,1.42,0.0627,5.44,22.57
2024-05-19,Campaign1,LinkedIn Ads,76802,5757,2876.99,58,0.5,0.0101,8.39,49.6
2024-01-18,Campaign1,Twitter Ads,33373,9749,5941.54,344,0.61,0.0353,8.2,17.27
2024-05-10,Campaign4,Google Ads,76385,5455,9415.72,691,1.73,0.1267,7.71,13.63
2024-01-09,Campaign2,Google Ads,22755,2034,7963.34,324,3.92,0.1593,4.54,24.58
2024-02-15,Campaign5,Twitter Ads,65307,5770,9044.49,978,1.57,0.1695,2.94,9.25
2024-05-13,Campaign5,Google Ads,47306,9886,6437.18,214,0.65,0.0216,6.35,30.08
2024-03-23,Campaign3,Google Ads,84194,2014,7253.43,377,3.6,0.1872,2.4,19.24
2024-04-01,Campaign5,LinkedIn Ads,87122,6980,7038.1,79,1.01,0.0113,4.85,89.09
2024-01-01,Campaign2,Google Ads,24745,7192,5849.0,817,0.81,0.1136,7.58,7.16
2024-04-17,Campaign2,Facebook Ads,17963,7615,7196.69,638,0.95,0.0838,5.46,11.28
2024-05-21,Campaign5,Instagram Ads,55376,137,4876.58,485,35.6,3.5401,8.15,10.05
2024-04-01,Campaign1,LinkedIn Ads,26733,2618,1818.14,480,0.69,0.1833,6.89,3.79
2024-01-27,Campaign2,Instagram Ads,14014,2434,4801.82,167,1.97,0.0686,9.63,28.75
2024-01-06,Campaign5,Google Ads,90572,1320,3737.78,778,2.83,0.5894,2.26,4.8
2024-03-26,Campaign2,Twitter Ads,67488,3197,3809.0,193,1.19,0.0604,9.81,19.74
2024-01-01,Campaign3,Instagram Ads,4742,9905,6946.24,11,0.7,0.0011,6.51,631.48
2024-02-15,Campaign5,LinkedIn Ads,91720,9649,5241.8,20,0.54,0.0021,6.21,262.09
2024-03-23,Campaign1,Facebook Ads,11206,5956,587.87,667,0.1,0.112,2.42,0.88
2024-05-10,Campaign5,Facebook Ads,12944,7553,1071.54,730,0.14,0.0967,1.74,1.47
2024-01-09,Campaign5,LinkedIn Ads,93461,4801,6735.42,180,1.4,0.0375,7.19,37.42
2024-04-23,Campaign1,LinkedIn Ads,69998,7214,4450.32,801,0.62,0.111,1.47,5.56
2024-03-09,Campaign3,LinkedIn Ads,94241,8048,9821.76,507,1.22,0.063,7.37,19.37
2024-03-16,Campaign4,LinkedIn Ads,89998,6149,1800.09,681,0.29,0.1107,9.39,2.64
2024-05-14,Campaign5,Instagram Ads,75324,6971,9610.07,519,1.38,0.0745,2.55,18.52
2024-05-07,Campaign3,Twitter Ads,5944,107,715.47,968,6.69,9.0467,1.97,0.74
2024-04-28,Campaign1,Facebook Ads,7807,7343,2025.64,939,0.28,0.1279,3.34,2.16
2024-02-08,Campaign4,Twitter Ads,31314,2678,8479.2,23,3.17,0.0086,5.39,368.66
2024-03-11,Campaign1,Instagram Ads,73322,5993,4591.92,273,0.77,0.0456,5.56,16.82
2024-03-11,Campaign2,Twitter Ads,62793,4687,1783.17,157,0.38,0.0335,6.1,11.36
2024-02-16,Campaign4,Twitter Ads,78921,3713,4810.58,385,1.3,0.1037,7.29,12.5
2024-03-11,Campaign4,Google Ads,8660,9306,7372.42,704,0.79,0.0757,1.63,10.47
2024-01-01,Campaign2,Instagram Ads,67966,1668,5036.1,562,3.02,0.3369,2.61,8.96
2024-03-09,Campaign2,Facebook Ads,21996,5140,322.9,981,0.06,0.1909,1.71,0.33
2024-05-04,Campaign3,Facebook Ads,15330,657,5587.05,737,8.5,1.1218,8.09,7.58
2024-04-27,Campaign1,LinkedIn Ads,13922,6209,3732.56,372,0.6,0.0599,8.81,10.03
2024-03-31,Campaign5,Google Ads,20615,8590,9680.18,681,1.13,0.0793,3.03,14.21
2024-02-15,Campaign4,Twitter Ads,17653,7663,460.32,985,0.06,0.1285,4.27,0.47
2024-05-18,Campaign1,Twitter Ads,73282,9874,3769.14,928,0.38,0.094,1.02,4.06
2024-03-24,Campaign4,Facebook Ads,1502,5140,4717.27,345,0.92,0.0671,1.18,13.67
2024-02-20,Campaign1,Twitter Ads,7305,626,9536.05,704,15.23,1.1246,7.02,13.55
2024-04-01,Campaign1,Twitter Ads,99383,6863,787.31,441,0.11,0.0643,8.74,1.79
2024-03-16,Campaign5,LinkedIn Ads,36304,856,2617.47,527,3.06,0.6157,5.36,4.97
2024-04-12,Campaign3,Google Ads,21107,4927,5117.19,918,1.04,0.1863,1.48,5.57
2024-01-17,Campaign2,Facebook Ads,86052,921,7862.02,431,8.54,0.468,4.7,18.24
2024-01-09,Campaign1,Instagram Ads,85971,5222,3387.15,80,0.65,0.0153,5.63,42.34
2024-05-17,Campaign3,LinkedIn Ads,45372,9050,1094.05,147,0.12,0.0162,4.2,7.44
2024-03-28,Campaign4,Google Ads,98448,4194,522.09,819,0.12,0.1953,2.4,0.64
2024-03-06,Campaign3,Facebook Ads,12463,7460,6851.22,565,0.92,0.0757,2.64,12.13
2024-05-18,Campaign5,Twitter Ads,65996,4804,4646.12,619,0.97,0.1289,3.07,7.51
2024-03-21,Campaign5,Instagram Ads,18064,804,5958.59,127,7.41,0.158,2.67,46.92
2024-02-15,Campaign5,Instagram Ads,30024,9465,9535.13,754,1.01,0.0797,8.24,12.65
2024-05-16,Campaign5,Twitter Ads,1388,4308,7721.02,558,1.79,0.1295,2.44,13.84
2024-05-23,Campaign2,Instagram Ads,57892,5213,2025.04,525,0.39,0.1007,6.01,3.86
2024-01-01,Campaign2,Google Ads,59177,4219,8398.76,201,1.99,0.0476,2.49,41.78
2024-05-16,Campaign5,LinkedIn Ads,41522,9456,9643.14,253,1.02,0.0268,1.2,38.12
2024-01-10,Campaign4,Facebook Ads,96152,8056,6190.1,311,0.77,0.0386,9.04,19.9
2024-02-26,Campaign3,Twitter Ads,45803,1624,6111.87,90,3.76,0.0554,5.71,67.91
2024-03-23,Campaign3,LinkedIn Ads,82456,3847,2975.95,797,0.77,0.2072,9.36,3.73
2024-02-08,Campaign4,Facebook Ads,33938,2512,3545.23,282,1.41,0.1123,6.51,12.57
2024-01-15,Campaign4,Twitter Ads,50302,1269,6398.28,859,5.04,0.6769,9.95,7.45
2024-02-04,Campaign2,Facebook Ads,41421,6395,8812.05,267,1.38,0.0418,2.64,33.0
2024-02-27,Campaign2,Instagram Ads,13808,428,3603.6,818,8.42,1.9112,5.95,4.41
2024-04-21,Campaign2,Instagram Ads,91788,9746,6943.75,753,0.71,0.0773,5.27,9.22
2024-01-23,Campaign4,Google Ads,98480,2442,9721.27,122,3.98,0.05,3.67,79.68
2024-05-25,Campaign3,Google Ads,71607,4727,2465.49,537,0.52,0.1136,4.0,4.59
2024-02-05,Campaign5,Facebook Ads,66425,8584,6780.47,497,0.79,0.0579,2.46,13.64
2024-05-01,Campaign4,Instagram Ads,95725,1270,7576.57,597,5.97,0.4701,4.78,12.69
2024-01-29,Campaign4,LinkedIn Ads,21809,2503,6781.44,748,2.71,0.2988,8.57,9.07
2024-03-29,Campaign3,Twitter Ads,25899,7850,5194.24,579,0.66,0.0738,6.94,8.97
2024-04-28,Campaign2,LinkedIn Ads,50266,1726,267.07,667,0.15,0.3864,9.22,0.4
2024-03-11,Campaign5,Instagram Ads,70978,8454,5704.65,837,0.67,0.099,7.87,6.82
2024-03-14,Campaign2,Instagram Ads,83136,5014,8753.67,523,1.75,0.1043,4.27,16.74
2024-04-10,Campaign5,Facebook Ads,59742,5598,9048.27,777,1.62,0.1388,9.73,11.65
2024-05-15,Campaign3,Twitter Ads,55433,2074,8864.22,325,4.27,0.1567,3.09,27.27
2024-04-10,Campaign4,Twitter Ads,87588,4949,2337.97,631,0.47,0.1275,8.09,3.71
2024-01-12,Campaign3,Instagram Ads,7218,6805,9067.31,438,1.33,0.0644,8.23,20.7
2024-01-02,Campaign4,Facebook Ads,86783,2426,9189.39,352,3.79,0.1451,9.08,26.11
2024-05-23,Campaign5,LinkedIn Ads,5501,4932,3946.85,661,0.8,0.134,1.45,5.97
2024-02-14,Campaign3,Instagram Ads,84422,5771,7931.08,982,1.37,0.1702,5.11,8.08
2024-05-11,Campaign1,Facebook Ads,98537,3026,4220.07,295,1.39,0.0975,8.94,14.31
2024-02-17,Campaign5,LinkedIn Ads,17218,5246,6856.18,468,1.31,0.0892,7.77,14.65
2024-05-20,Campaign3,Facebook Ads,5933,1884,8381.03,611,4.45,0.3243,4.22,13.72
2024-02-28,Campaign2,LinkedIn Ads,85948,1638,783.03,327,0.48,0.1996,5.75,2.39
2024-03-24,Campaign1,Google Ads,97310,3532,541.81,71,0.15,0.0201,7.07,7.63
2024-02-23,Campaign5,Twitter Ads,55696,4259,9011.39,588,2.12,0.1381,2.54,15.33
2024-04-04,Campaign1,LinkedIn Ads,58501,4275,1940.64,393,0.45,0.0919,6.96,4.94
2024-05-19,Campaign3,Twitter Ads,72410,2674,1606.71,566,0.6,0.2117,9.88,2.84
2024-01-26,Campaign4,Twitter Ads,83975,7478,5970.61,48,0.8,0.0064,1.91,124.39
2024-03-04,Campaign3,Instagram Ads,61569,9566,4128.26,529,0.43,0.0553,9.99,7.8
2024-05-22,Campaign1,Facebook Ads,47331,5042,5188.97,307,1.03,0.0609,9.59,16.9
2024-02-19,Campaign3,Instagram Ads,94970,1645,5604.05,404,3.41,0.2456,2.33,13.87
2024-04-03,Campaign5,LinkedIn Ads,78513,4460,4798.89,319,1.08,0.0715,5.25,15.04
2024-02-15,Campaign2,Twitter Ads,70481,6681,8898.2,999,1.33,0.1495,3.8,8.91
2024-05-14,Campaign1,Facebook Ads,61948,322,3763.44,920,11.69,2.8571,1.76,4.09
2024-03-17,Campaign1,Twitter Ads,94072,6487,4174.31,605,0.64,0.0933,2.55,6.9
2024-04-25,Campaign4,LinkedIn Ads,21477,8362,6886.86,346,0.82,0.0414,5.22,19.9
2024-01-28,Campaign3,LinkedIn Ads,7740,6629,6660.97,336,1.0,0.0507,8.8,19.82
2024-02-20,Campaign2,Facebook Ads,52013,2606,9544.93,855,3.66,0.3281,1.05,11.16
2024-01-29,Campaign5,Facebook Ads,2247,2084,3488.03,830,1.67,0.3983,5.04,4.2
2024-01-24,Campaign5,Facebook Ads,9326,3102,3559.62,335,1.15,0.108,8.65,10.63
2024-01-14,Campaign2,Facebook Ads,79102,2787,677.69,470,0.24,0.1686,7.06,1.44
2024-04-30,Campaign2,Twitter Ads,80821,1840,7991.27,828,4.34,0.45,6.08,9.65
2024-05-06,Campaign5,Twitter Ads,69999,6960,7639.55,442,1.1,0.0635,1.37,17.28
2024-04-26,Campaign5,Instagram Ads,39966,1367,8407.11,527,6.15,0.3855,4.73,15.95
2024-05-16,Campaign3,Instagram Ads,20585,1827,2949.42,72,1.61,0.0394,6.9,40.96
2024-05-10,Campaign3,LinkedIn Ads,3746,1020,7926.52,318,7.77,0.3118,8.08,24.93
2024-02-03,Campaign3,Instagram Ads,50609,1750,2207.82,56,1.26,0.032,3.31,39.43
2024-04-13,Campaign3,Twitter Ads,88197,2573,7599.13,757,2.95,0.2942,1.86,10.04
2024-03-06,Campaign2,Facebook Ads,72893,7624,2621.26,219,0.34,0.0287,4.68,11.97
2024-02-16,Campaign3,Twitter Ads,97154,1012,1146.91,160,1.13,0.1581,7.06,7.17
2024-03-17,Campaign3,Google Ads,23119,7084,1245.64,445,0.18,0.0628,7.79,2.8
2024-04-13,Campaign4,LinkedIn Ads,48661,9105,3172.09,822,0.35,0.0903,3.16,3.86
2024-03-13,Campaign2,Facebook Ads,78034,4926,6322.82,739,1.28,0.15,5.53,8.56
2024-01-13,Campaign5,Google Ads,26381,9483,4413.35,292,0.47,0.0308,5.6,15.11
2024-05-23,Campaign3,LinkedIn Ads,77726,2909,1264.12,145,0.43,0.0498,5.67,8.72
2024-05-05,Campaign1,Instagram Ads,73600,5364,3173.31,554,0.59,0.1033,6.91,5.73
2024-04-07,Campaign2,Twitter Ads,80041,4970,7097.96,953,1.43,0.1918,4.31,7.45
2024-05-06,Campaign4,Google Ads,1464,2860,3279.02,838,1.15,0.293,1.48,3.91
2024-04-02,Campaign1,Facebook Ads,83309,1608,7198.04,356,4.48,0.2214,7.21,20.22
2024-03-06,Campaign3,Facebook Ads,13328,9794,2635.57,679,0.27,0.0693,3.61,3.88
2024-04-07,Campaign4,Facebook Ads,69492,3334,7094.16,33,2.13,0.0099,2.96,214.97
2024-05-14,Campaign2,Twitter Ads,42151,9972,4164.76,399,0.42,0.04,2.21,10.44
2024-01-25,Campaign1,Twitter Ads,24825,4550,5465.21,667,1.2,0.1466,8.04,8.19
2024-02-06,Campaign2,Google Ads,35909,9995,9464.77,974,0.95,0.0974,3.0,9.72
2024-01-13,Campaign2,Instagram Ads,44329,2818,6876.42,85,2.44,0.0302,9.59,80.9
2024-03-13,Campaign1,Twitter Ads,45155,7858,7268.26,860,0.92,0.1094,5.01,8.45
2024-02-02,Campaign4,Twitter Ads,82921,1097,1608.34,139,1.47,0.1267,7.27,11.57
2024-03-03,Campaign3,Instagram Ads,28650,2624,2621.69,16,1.0,0.0061,2.86,163.86
2024-04-21,Campaign2,Instagram Ads,24098,1542,5614.5,53,3.64,0.0344,7.7,105.93
2024-05-07,Campaign4,Twitter Ads,1321,5899,6836.86,249,1.16,0.0422,5.24,27.46
2024-02-08,Campaign2,Facebook Ads,50420,7946,2703.77,671,0.34,0.0844,2.48,4.03
2024-03-05,Campaign5,Facebook Ads,74691,5843,3749.63,737,0.64,0.1261,4.1,5.09
2024-03-20,Campaign1,Instagram Ads,95315,6069,6158.8,354,1.01,0.0583,1.66,17.4
2024-04-18,Campaign4,Google Ads,34642,7892,8371.02,972,1.06,0.1232,8.57,8.61
2024-05-18,Campaign2,Instagram Ads,92591,4315,9333.0,957,2.16,0.2218,9.22,9.75
2024-04-15,Campaign4,Facebook Ads,73318,8584,1499.26,76,0.17,0.0089,2.99,19.73
2024-03-05,Campaign3,Google Ads,97183,5834,267.15,253,0.05,0.0434,6.82,1.06
2024-04-01,Campaign4,Facebook Ads,34924,834,5994.09,989,7.19,1.1859,6.03,6.06
2024-05-07,Campaign2,Google Ads,43676,464,2652.97,405,5.72,0.8728,4.79,6.55
2024-02-13,Campaign1,Facebook Ads,81155,7040,9558.14,775,1.36,0.1101,3.68,12.33
2024-04-20,Campaign1,Twitter Ads,88829,9550,4252.2,186,0.45,0.0195,5.06,22.86
2024-02-16,Campaign1,LinkedIn Ads,16622,422,8084.43,607,19.16,1.4384,3.92,13.32
2024-04-16,Campaign5,LinkedIn Ads,64423,7024,5555.15,89,0.79,0.0127,1.55,62.42
2024-04-23,Campaign4,Google Ads,14950,3709,2091.51,368,0.56,0.0992,7.9,5.68
2024-03-23,Campaign5,Instagram Ads,2078,5230,5462.48,537,1.04,0.1027,3.08,10.17
2024-01-29,Campaign1,Google Ads,46149,7633,5950.75,700,0.78,0.0917,9.87,8.5
2024-04-29,Campaign4,Instagram Ads,54196,9985,6379.85,756,0.64,0.0757,4.04,8.44
2024-02-11,Campaign1,LinkedIn Ads,53436,8873,8360.94,557,0.94,0.0628,8.49,15.01
2024-03-24,Campaign5,Instagram Ads,9709,7288,3279.61,799,0.45,0.1096,8.18,4.1
2024-04-14,Campaign1,Twitter Ads,15084,3503,7855.48,138,2.24,0.0394,7.64,56.92
2024-01-25,Campaign5,Google Ads,81879,3409,8820.81,203,2.59,0.0595,1.18,43.45
2024-04-29,Campaign2,LinkedIn Ads,49472,2243,1928.4,712,0.86,0.3174,1.65,2.71
2024-03-06,Campaign3,LinkedIn Ads,21257,2452,5102.08,524,2.08,0.2137,3.55,9.74
2024-04-07,Campaign3,Google Ads,77557,4557,7367.97,281,1.62,0.0617,8.39,26.22
2024-05-04,Campaign4,Google Ads,65618,3210,3901.59,879,1.22,0.2738,5.64,4.44
2024-01-16,Campaign1,LinkedIn Ads,29521,549,8353.29,952,15.22,1.7341,6.19,8.77
2024-02-05,Campaign2,Instagram Ads,76539,9807,8081.19,308,0.82,0.0314,4.02,26.24
2024-01-05,Campaign2,LinkedIn Ads,41061,6274,8944.89,610,1.43,0.0972,3.7,14.66
2024-04-14,Campaign1,Google Ads,32296,120,4997.27,539,41.64,4.4917,3.57,9.27
2024-01-27,Campaign3,Google Ads,99169,3849,3529.7,776,0.92,0.2016,4.73,4.55
2024-04-13,Campaign2,Twitter Ads,4202,8324,9980.7,527,1.2,0.0633,4.54,18.94
2024-03-17,Campaign2,Facebook Ads,27472,148,2721.39,424,18.39,2.8649,7.09,6.42
2024-03-02,Campaign2,Google Ads,29328,9901,6262.35,287,0.63,0.029,7.88,21.82
2024-02-28,Campaign1,LinkedIn Ads,30545,2144,9460.67,853,4.41,0.3979,9.73,11.09
2024-01-29,Campaign1,Google Ads,66211,7013,6378.98,739,0.91,0.1054,8.84,8.63
2024-04-28,Campaign4,Twitter Ads,38697,7234,7408.11,790,1.02,0.1092,7.99,9.38
2024-03-12,Campaign3,Google Ads,45132,7793,6343.93,788,0.81,0.1011,6.89,8.05
2024-01-23,Campaign1,Facebook Ads,35956,4142,8484.21,637,2.05,0.1538,2.24,13.32
2024-04-03,Campaign2,Google Ads,79599,6968,221.58,948,0.03,0.1361,4.33,0.23
2024-02-08,Campaign4,Instagram Ads,93313,5352,7625.52,816,1.42,0.1525,5.25,9.35
2024-03-22,Campaign1,Instagram Ads,86744,2762,608.33,768,0.22,0.2781,6.85,0.79
2024-04-02,Campaign1,LinkedIn Ads,75457,5173,6476.03,580,1.25,0.1121,3.09,11.17
2024-01-15,Campaign1,Twitter Ads,65103,797,2077.3,520,2.61,0.6524,3.57,3.99
2024-05-03,Campaign3,Google Ads,10555,6588,3702.82,799,0.56,0.1213,7.42,4.63
2024-02-12,Campaign2,LinkedIn Ads,61395,622,7245.72,16,11.65,0.0257,7.91,452.86
2024-01-01,Campaign3,LinkedIn Ads,88378,7265,8698.24,371,1.2,0.0511,7.87,23.45
2024-04-06,Campaign3,LinkedIn Ads,14823,8810,6765.33,981,0.77,0.1114,8.5,6.9
2024-02-14,Campaign1,Google Ads,79475,6030,3357.25,796,0.56,0.132,9.43,4.22
2024-05-24,Campaign2,Instagram Ads,30795,4189,735.67,768,0.18,0.1833,1.92,0.96
2024-03-07,Campaign5,Twitter Ads,68344,3668,997.27,19,0.27,0.0052,7.45,52.49
2024-05-05,Campaign4,Facebook Ads,11188,8613,7188.21,680,0.83,0.079,1.38,10.57
2024-04-29,Campaign1,Facebook Ads,69174,7703,1980.62,929,0.26,0.1206,3.33,2.13
2024-04-02,Campaign3,Instagram Ads,31136,7546,8716.54,604,1.16,0.08,3.67,14.43
2024-03-14,Campaign2,Twitter Ads,18005,4311,6216.58,174,1.44,0.0404,9.92,35.73
2024-03-16,Campaign1,Instagram Ads,35625,1563,3711.05,969,2.37,0.62,5.98,3.83
2024-03-27,Campaign3,Instagram Ads,87976,1284,2538.64,544,1.98,0.4237,9.38,4.67
2024-05-18,Campaign3,Twitter Ads,15317,2460,975.73,372,0.4,0.1512,7.36,2.62
2024-02-09,Campaign1,Twitter Ads,67126,1763,9763.65,875,5.54,0.4963,7.84,11.16
2024-05-09,Campaign2,Google Ads,22329,9441,9328.0,321,0.99,0.034,2.63,29.06
2024-03-28,Campaign1,Instagram Ads,17867,7232,6117.54,986,0.85,0.1363,5.97,6.2
2024-03-22,Campaign3,Twitter Ads,84554,6957,7967.74,848,1.15,0.1219,4.63,9.4
2024-02-14,Campaign4,Google Ads,83993,2999,621.17,511,0.21,0.1704,1.49,1.22
2024-04-05,Campaign4,Instagram Ads,43273,5431,3475.03,546,0.64,0.1005,7.44,6.36
2024-02-14,Campaign5,Google Ads,46936,6394,2138.78,355,0.33,0.0555,1.44,6.02
2024-04-13,Campaign2,Facebook Ads,55638,5113,2836.83,33,0.55,0.0065,7.07,85.96
2024-02-22,Campaign1,LinkedIn Ads,80035,1302,2255.58,463,1.73,0.3556,6.43,4.87
2024-05-26,Campaign3,Facebook Ads,81125,2996,5188.49,993,1.73,0.3314,8.83,5.23
2024-03-25,Campaign4,LinkedIn Ads,76220,5600,8699.08,590,1.55,0.1054,2.5,14.74
2024-02-25,Campaign1,Twitter Ads,42427,6642,6183.26,264,0.93,0.0397,5.47,23.42
2024-05-07,Campaign1,Twitter Ads,18014,5806,432.84,597,0.07,0.1028,4.08,0.73
2024-04-23,Campaign1,Google Ads,89499,6799,9706.23,572,1.43,0.0841,3.47,16.97
2024-03-14,Campaign2,Google Ads,67432,4926,252.63,564,0.05,0.1145,7.7,0.45
2024-01-20,Campaign3,Google Ads,77851,3304,472.47,701,0.14,0.2122,5.34,0.67
2024-03-05,Campaign1,LinkedIn Ads,42081,313,2650.4,777,8.47,2.4824,8.83,3.41
2024-04-10,Campaign5,LinkedIn Ads,34192,2322,6319.54,491,2.72,0.2115,2.68,12.87
2024-01-08,Campaign5,Instagram Ads,8361,8595,5940.53,556,0.69,0.0647,9.86,10.68
2024-05-20,Campaign1,Instagram Ads,63657,3763,8074.87,907,2.15,0.241,2.62,8.9
2024-04-23,Campaign1,Twitter Ads,83901,675,1424.38,149,2.11,0.2207,7.83,9.56
2024-02-15,Campaign2,Google Ads,51616,1325,1991.37,353,1.5,0.2664,9.55,5.64
2024-04-03,Campaign3,Facebook Ads,28478,5911,8187.51,592,1.39,0.1002,8.5,13.83
2024-01-31,Campaign5,Facebook Ads,21337,4980,8088.33,449,1.62,0.0902,5.66,18.01
2024-03-09,Campaign1,Facebook Ads,30685,9598,9216.53,217,0.96,0.0226,6.32,42.47
2024-03-13,Campaign2,LinkedIn Ads,14606,3314,6017.12,724,1.82,0.2185,3.83,8.31
2024-04-15,Campaign1,Instagram Ads,16913,9106,6553.24,26,0.72,0.0029,5.06,252.05
2024-01-22,Campaign4,LinkedIn Ads,93991,7958,5203.41,562,0.65,0.0706,7.02,9.26
2024-01-05,Campaign3,LinkedIn Ads,77038,4418,2023.23,371,0.46,0.084,3.13,5.45
2024-04-12,Campaign5,LinkedIn Ads,69391,1487,6915.83,174,4.65,0.117,5.38,39.75
2024-01-27,Campaign2,Google Ads,29999,9455,5936.48,633,0.63,0.0669,4.54,9.38
2024-04-26,Campaign4,Instagram Ads,24300,3954,989.95,341,0.25,0.0862,4.14,2.9
2024-01-27,Campaign2,LinkedIn Ads,46057,6689,6091.01,444,0.91,0.0664,4.88,13.72
2024-05-25,Campaign1,LinkedIn Ads,17531,9902,7179.62,152,0.73,0.0154,2.05,47.23
2024-05-16,Campaign1,Twitter Ads,5094,3179,4012.9,409,1.26,0.1287,1.35,9.81
2024-03-24,Campaign2,LinkedIn Ads,99510,664,9954.89,923,14.99,1.3901,4.63,10.79
2024-01-31,Campaign3,Facebook Ads,10242,7651,312.2,488,0.04,0.0638,9.47,0.64
2024-03-02,Campaign4,Twitter Ads,87104,7677,9548.29,339,1.24,0.0442,4.08,28.17
2024-05-17,Campaign1,Google Ads,80765,9918,5844.6,224,0.59,0.0226,9.36,26.09
2024-03-19,Campaign4,Facebook Ads,97335,2858,942.86,982,0.33,0.3436,6.08,0.96
2024-04-18,Campaign4,Google Ads,64866,9160,7567.64,481,0.83,0.0525,9.45,15.73
2024-02-12,Campaign2,Facebook Ads,23952,5300,1104.58,453,0.21,0.0855,6.01,2.44
2024-03-21,Campaign3,Facebook Ads,47442,5132,4303.59,472,0.84,0.092,5.47,9.12
2024-04-24,Campaign2,Google Ads,3674,4027,9730.69,377,2.42,0.0936,9.12,25.81
2024-04-05,Campaign1,Twitter Ads,15998,4698,5853.12,359,1.25,0.0764,3.75,16.3
2024-05-19,Campaign5,Instagram Ads,6302,4662,7006.14,123,1.5,0.0264,3.75,56.96
2024-04-30,Campaign3,Instagram Ads,23702,1741,1810.65,425,1.04,0.2441,4.08,4.26
2024-03-05,Campaign5,Twitter Ads,5941,7044,2633.46,858,0.37,0.1218,5.11,3.07
2024-01-29,Campaign3,LinkedIn Ads,49057,7396,1782.33,227,0.24,0.0307,2.44,7.85
2024-04-25,Campaign5,Google Ads,96067,2682,9291.81,571,3.46,0.2129,5.53,16.27
2024-02-05,Campaign1,Twitter Ads,61489,206,4164.23,186,20.21,0.9029,3.8,22.39
2024-04-24,Campaign4,Instagram Ads,70776,8650,9341.19,510,1.08,0.059,8.91,18.32
2024-01-31,Campaign5,Instagram Ads,27262,4993,5995.59,839,1.2,0.168,7.16,7.15
2024-03-21,Campaign2,LinkedIn Ads,93882,8486,6247.43,127,0.74,0.015,6.6,49.19
2024-02-18,Campaign4,LinkedIn Ads,14278,5844,5399.44,501,0.92,0.0857,3.86,10.78
2024-05-11,Campaign1,Facebook Ads,64033,3141,8537.05,555,2.72,0.1767,3.3,15.38
2024-04-22,Campaign2,Twitter Ads,25320,7797,8884.01,467,1.14,0.0599,7.93,19.02
2024-02-22,Campaign5,Twitter Ads,36306,2432,8379.05,498,3.45,0.2048,1.52,16.83
2024-02-03,Campaign2,Instagram Ads,91590,6055,8134.91,93,1.34,0.0154,3.45,87.47
2024-01-03,Campaign2,Facebook Ads,86692,7891,228.86,628,0.03,0.0796,2.67,0.36
2024-02-29,Campaign3,Instagram Ads,61603,3861,7251.13,841,1.88,0.2178,1.38,8.62
2024-02-20,Campaign2,LinkedIn Ads,49963,7660,6449.54,444,0.84,0.058,2.66,14.53
2024-01-12,Campaign3,LinkedIn Ads,8862,9528,453.38,772,0.05,0.081,3.96,0.59
2024-04-11,Campaign4,LinkedIn Ads,86136,9191,840.89,651,0.09,0.0708,4.72,1.29
2024-04-15,Campaign2,Instagram Ads,25862,7732,8361.03,425,1.08,0.055,2.67,19.67
2024-04-15,Campaign5,LinkedIn Ads,66094,5018,6381.3,916,1.27,0.1825,2.12,6.97
2024-04-26,Campaign1,Google Ads,95591,4792,7941.77,978,1.66,0.2041,1.14,8.12
2024-03-13,Campaign2,Instagram Ads,42212,2476,8047.5,960,3.25,0.3877,6.55,8.38
2024-02-14,Campaign2,Facebook Ads,39734,615,2009.16,427,3.27,0.6943,5.27,4.71
2024-01-31,Campaign2,LinkedIn Ads,97792,6768,712.47,500,0.11,0.0739,1.59,1.42
2024-02-04,Campaign5,Instagram Ads,78147,8446,8862.96,593,1.05,0.0702,9.91,14.95
2024-05-18,Campaign1,LinkedIn Ads,42163,8620,3013.01,681,0.35,0.079,4.89,4.42
2024-04-13,Campaign3,Facebook Ads,75853,3406,3096.41,444,0.91,0.1304,5.82,6.97
2024-03-28,Campaign1,Instagram Ads,79001,637,5007.22,603,7.86,0.9466,7.46,8.3
2024-02-01,Campaign4,Google Ads,95559,8346,8532.72,238,1.02,0.0285,3.46,35.85
2024-04-29,Campaign4,LinkedIn Ads,26017,6869,1410.41,667,0.21,0.0971,7.94,2.11
2024-01-31,Campaign4,LinkedIn Ads,66087,4147,9525.35,159,2.3,0.0383,6.37,59.91
2024-05-03,Campaign5,Instagram Ads,23790,4354,9703.22,512,2.23,0.1176,4.12,18.95
2024-03-29,Campaign4,Google Ads,63997,1427,2540.75,868,1.78,0.6083,8.64,2.93
2024-04-12,Campaign2,Twitter Ads,97163,9709,5893.27,317,0.61,0.0327,3.57,18.59
2024-01-04,Campaign3,Twitter Ads,10503,6859,9895.43,803,1.44,0.1171,3.52,12.32
2024-01-10,Campaign1,Google Ads,69491,2252,4101.93,966,1.82,0.429,3.6,4.25
2024-04-06,Campaign4,Instagram Ads,27573,244,7693.32,654,31.53,2.6803,7.5,11.76
2024-01-13,Campaign1,Google Ads,14127,3353,5590.2,709,1.67,0.2115,2.45,7.88
2024-04-30,Campaign3,Twitter Ads,83074,796,5435.48,244,6.83,0.3065,7.95,22.28
2024-04-12,Campaign2,Twitter Ads,72169,4266,5753.96,700,1.35,0.1641,5.92,8.22
2024-02-22,Campaign3,Facebook Ads,10143,205,5714.55,213,27.88,1.039,4.84,26.83
2024-03-31,Campaign1,Google Ads,59854,2299,4489.48,232,1.95,0.1009,8.12,19.35
2024-05-26,Campaign2,Facebook Ads,16541,9676,9704.02,952,1.0,0.0984,1.95,10.19
2024-04-28,Campaign5,LinkedIn Ads,44801,1607,5326.26,429,3.31,0.267,7.47,12.42
2024-02-03,Campaign5,Google Ads,55624,2617,6233.55,17,2.38,0.0065,1.35,366.68
2024-02-27,Campaign5,Instagram Ads,6890,8221,3827.52,330,0.47,0.0401,8.84,11.6
2024-05-10,Campaign3,Google Ads,91791,8554,663.35,142,0.08,0.0166,2.78,4.67
2024-05-02,Campaign5,LinkedIn Ads,50750,1446,1460.54,681,1.01,0.471,7.0,2.14
2024-01-09,Campaign3,LinkedIn Ads,48149,2181,2533.93,598,1.16,0.2742,8.75,4.24
2024-04-18,Campaign2,LinkedIn Ads,1697,2300,2774.31,476,1.21,0.207,5.69,5.83
2024-03-14,Campaign5,Twitter Ads,16554,1389,9667.99,754,6.96,0.5428,4.52,12.82
2024-04-18,Campaign1,Instagram Ads,11758,6932,2915.86,628,0.42,0.0906,8.07,4.64
2024-03-29,Campaign4,Google Ads,89707,3038,1872.41,526,0.62,0.1731,7.08,3.56
2024-05-01,Campaign5,LinkedIn Ads,89837,147,816.73,891,5.56,6.0612,4.86,0.92
2024-05-08,Campaign5,LinkedIn Ads,51248,3822,5484.48,397,1.43,0.1039,9.13,13.81
2024-03-02,Campaign5,Facebook Ads,40332,1531,5887.46,274,3.85,0.179,7.46,21.49
2024-05-18,Campaign1,Facebook Ads,79029,5253,1371.75,592,0.26,0.1127,3.76,2.32
2024-03-05,Campaign4,Facebook Ads,75940,6320,8877.51,830,1.4,0.1313,8.22,10.7
2024-03-03,Campaign4,Instagram Ads,71584,3556,3714.85,136,1.04,0.0382,1.67,27.32
2024-02-03,Campaign4,Google Ads,67811,924,6275.48,254,6.79,0.2749,1.2,24.71
2024-05-11,Campaign2,Google Ads,1279,908,4194.33,409,4.62,0.4504,5.02,10.26
2024-05-08,Campaign4,LinkedIn Ads,56101,1157,1682.64,949,1.45,0.8202,6.51,1.77
2024-03-28,Campaign4,Instagram Ads,84164,1603,3018.36,1000,1.88,0.6238,9.91,3.02
2024-04-30,Campaign3,Instagram Ads,74916,2377,8832.4,43,3.72,0.0181,3.94,205.4
2024-03-21,Campaign5,Google Ads,9026,408,4553.43,55,11.16,0.1348,3.88,82.79
2024-03-05,Campaign4,Google Ads,72516,640,5022.45,222,7.85,0.3469,5.92,22.62
2024-04-02,Campaign1,LinkedIn Ads,59009,1400,1606.74,297,1.15,0.2121,8.39,5.41
2024-02-03,Campaign4,Twitter Ads,99678,2690,2090.3,864,0.78,0.3212,6.67,2.42
2024-01-13,Campaign5,Twitter Ads,39259,5503,1932.24,690,0.35,0.1254,6.92,2.8
2024-03-06,Campaign4,LinkedIn Ads,13550,4879,3553.12,462,0.73,0.0947,9.11,7.69
2024-05-07,Campaign3,Google Ads,25227,6861,8141.3,707,1.19,0.103,7.67,11.52
2024-03-19,Campaign4,Instagram Ads,95651,4040,4227.38,950,1.05,0.2351,3.95,4.45
2024-05-01,Campaign4,LinkedIn Ads,45664,5131,1187.34,501,0.23,0.0976,1.16,2.37
2024-01-13,Campaign5,Facebook Ads,35020,3780,1463.19,283,0.39,0.0749,7.24,5.17
2024-03-31,Campaign4,LinkedIn Ads,60215,2001,7298.63,305,3.65,0.1524,5.61,23.93
2024-01-12,Campaign1,Twitter Ads,45917,9711,1022.61,614,0.11,0.0632,9.63,1.67
2024-05-24,Campaign5,LinkedIn Ads,9914,3561,6717.44,60,1.89,0.0168,6.35,111.96
2024-05-16,Campaign3,Facebook Ads,78258,2651,9028.61,897,3.41,0.3384,6.69,10.07
2024-03-08,Campaign2,Facebook Ads,60221,9748,3334.41,550,0.34,0.0564,6.65,6.06
2024-05-14,Campaign4,LinkedIn Ads,16286,8691,1780.96,400,0.2,0.046,1.42,4.45
2024-03-12,Campaign1,Google Ads,89227,5455,3307.84,167,0.61,0.0306,3.79,19.81
2024-01-17,Campaign4,LinkedIn Ads,11630,7717,1824.07,966,0.24,0.1252,2.69,1.89
2024-03-08,Campaign3,Twitter Ads,69872,2217,1735.78,949,0.78,0.4281,8.17,1.83
2024-04-18,Campaign2,Google Ads,8124,7378,1118.66,522,0.15,0.0708,7.7,2.14
2024-05-22,Campaign4,Instagram Ads,78758,6012,2611.14,186,0.43,0.0309,5.31,14.04
2024-05-08,Campaign4,LinkedIn Ads,25555,3339,9443.46,606,2.83,0.1815,9.34,15.58
2024-01-19,Campaign4,Twitter Ads,34237,7061,229.15,968,0.03,0.1371,6.76,0.24
2024-04-12,Campaign2,LinkedIn Ads,21937,9092,8397.35,584,0.92,0.0642,9.88,14.38
2024-01-25,Campaign5,Instagram Ads,15086,6257,1593.71,630,0.25,0.1007,2.43,2.53
2024-03-09,Campaign5,Facebook Ads,26137,2248,7998.27,164,3.56,0.073,7.55,48.77
2024-02-13,Campaign3,Instagram Ads,68862,662,468.53,350,0.71,0.5287,2.9,1.34
2024-04-18,Campaign4,Instagram Ads,66131,6049,7349.33,627,1.21,0.1037,7.76,11.72
2024-01-14,Campaign4,Facebook Ads,46192,1093,2193.23,59,2.01,0.054,7.96,37.17
2024-02-07,Campaign3,Instagram Ads,56776,2122,482.57,983,0.23,0.4632,3.17,0.49
2024-02-11,Campaign3,Facebook Ads,90243,9890,6819.45,827,0.69,0.0836,1.95,8.25
2024-01-21,Campaign1,Facebook Ads,81648,4186,9138.78,741,2.18,0.177,8.83,12.33
2024-03-26,Campaign4,LinkedIn Ads,18707,936,1945.73,59,2.08,0.063,4.49,32.98
2024-02-24,Campaign4,Instagram Ads,90135,2667,1528.18,864,0.57,0.324,5.62,1.77
2024-01-05,Campaign5,Twitter Ads,9389,6344,1148.25,194,0.18,0.0306,5.93,5.92
2024-03-28,Campaign2,Instagram Ads,3743,1273,5206.19,795,4.09,0.6245,2.14,6.55
2024-05-16,Campaign5,Instagram Ads,31575,194,4584.61,102,23.63,0.5258,9.78,44.95
2024-04-21,Campaign3,LinkedIn Ads,56933,8640,6823.95,254,0.79,0.0294,9.72,26.87
2024-02-05,Campaign1,Instagram Ads,77990,4423,3612.69,331,0.82,0.0748,4.38,10.91
2024-01-09,Campaign2,LinkedIn Ads,96250,1068,8837.1,126,8.27,0.118,3.02,70.14
2024-02-07,Campaign5,Google Ads,54674,9566,5654.53,300,0.59,0.0314,1.48,18.85
2024-02-06,Campaign3,Twitter Ads,10694,9159,3023.25,110,0.33,0.012,8.63,27.48
2024-04-11,Campaign4,Instagram Ads,41965,2005,4331.79,554,2.16,0.2763,4.26,7.82
2024-04-21,Campaign2,Facebook Ads,88035,5805,9802.27,499,1.69,0.086,7.53,19.64
2024-03-05,Campaign2,Facebook Ads,10005,7630,3192.76,665,0.42,0.0872,5.1,4.8
2024-03-15,Campaign1,Twitter Ads,57184,6399,4740.27,31,0.74,0.0048,7.63,152.91
2024-01-18,Campaign1,Instagram Ads,54262,3945,793.9,504,0.2,0.1278,2.13,1.58
2024-05-11,Campaign1,Twitter Ads,27020,8927,4783.04,353,0.54,0.0395,2.81,13.55
2024-01-26,Campaign1,Instagram Ads,35167,2963,119.65,448,0.04,0.1512,6.97,0.27
2024-01-08,Campaign1,LinkedIn Ads,87175,1182,1940.93,288,1.64,0.2437,9.01,6.74
2024-05-18,Campaign4,Instagram Ads,68423,682,6360.43,234,9.33,0.3431,3.3,27.18
2024-03-25,Campaign2,Instagram Ads,25712,982,2733.57,508,2.78,0.5173,3.73,5.38
2024-05-13,Campaign1,Facebook Ads,90407,660,6976.45,757,10.57,1.147,2.38,9.22
2024-01-25,Campaign4,Twitter Ads,43418,9396,5040.27,725,0.54,0.0772,2.35,6.95
2024-03-23,Campaign1,Twitter Ads,34438,3482,9840.99,924,2.83,0.2654,9.8,10.65
2024-04-19,Campaign3,LinkedIn Ads,11130,9835,3640.42,626,0.37,0.0637,4.1,5.82
2024-03-21,Campaign4,LinkedIn Ads,97091,367,4872.95,381,13.28,1.0381,9.5,12.79
2024-03-29,Campaign4,Instagram Ads,20479,724,5193.42,676,7.17,0.9337,5.89,7.68
2024-02-09,Campaign1,Instagram Ads,68152,1575,7481.9,834,4.75,0.5295,3.85,8.97
2024-02-24,Campaign1,Instagram Ads,54978,5084,5243.18,858,1.03,0.1688,3.62,6.11
2024-01-28,Campaign3,Facebook Ads,37399,9698,2196.16,339,0.23,0.035,6.57,6.48
2024-03-23,Campaign3,Facebook Ads,36457,2622,9536.91,190,3.64,0.0725,2.37,50.19
2024-01-27,Campaign5,Instagram Ads,53123,4535,4089.21,176,0.9,0.0388,4.78,23.23
2024-05-16,Campaign2,LinkedIn Ads,52510,2698,9602.65,223,3.56,0.0827,5.66,43.06
2024-03-25,Campaign3,Instagram Ads,25038,9686,8155.86,66,0.84,0.0068,3.14,123.57
2024-02-06,Campaign2,Twitter Ads,42944,6419,6062.84,799,0.94,0.1245,4.07,7.59
2024-03-07,Campaign2,Facebook Ads,53281,4052,6659.38,618,1.64,0.1525,6.94,10.78
2024-01-14,Campaign1,Twitter Ads,4492,488,8206.88,493,16.82,1.0102,6.8,16.65
2024-02-15,Campaign4,Facebook Ads,84197,1613,2975.69,882,1.84,0.5468,1.22,3.37
2024-02-09,Campaign2,LinkedIn Ads,49412,3911,1520.24,230,0.39,0.0588,1.93,6.61
2024-01-01,Campaign4,Facebook Ads,37024,7439,6534.48,744,0.88,0.1,7.85,8.78
2024-01-27,Campaign5,LinkedIn Ads,21306,2159,7292.43,767,3.38,0.3553,4.17,9.51
2024-03-07,Campaign2,Google Ads,23313,4881,3181.36,288,0.65,0.059,5.24,11.05
2024-02-20,Campaign2,Twitter Ads,69710,4336,1221.23,455,0.28,0.1049,5.29,2.68
2024-05-25,Campaign4,LinkedIn Ads,8683,8639,1349.39,333,0.16,0.0385,9.91,4.05
2024-01-01,Campaign1,Facebook Ads,4692,8786,3744.72,491,0.43,0.0559,7.39,7.63
2024-04-02,Campaign3,LinkedIn Ads,86814,7033,6905.59,323,0.98,0.0459,6.51,21.38
2024-03-20,Campaign1,Google Ads,82090,6822,7764.16,76,1.14,0.0111,2.62,102.16
2024-02-28,Campaign3,Instagram Ads,54095,3280,1037.83,184,0.32,0.0561,7.96,5.64
2024-05-19,Campaign4,Google Ads,69294,5889,9598.98,776,1.63,0.1318,6.52,12.37
2024-03-09,Campaign5,LinkedIn Ads,96511,8514,9151.93,298,1.07,0.035,3.58,30.71
2024-04-12,Campaign2,Facebook Ads,56803,6657,8476.44,615,1.27,0.0924,4.58,13.78
2024-03-30,Campaign3,Instagram Ads,8508,9335,7425.11,517,0.8,0.0554,2.48,14.36
2024-05-11,Campaign3,Facebook Ads,24506,3752,7690.86,671,2.05,0.1788,3.8,11.46
2024-03-28,Campaign5,Twitter Ads,79332,1906,3429.74,110,1.8,0.0577,1.62,31.18
2024-01-31,Campaign4,Instagram Ads,5974,8543,2189.11,688,0.26,0.0805,5.91,3.18
2024-04-30,Campaign1,LinkedIn Ads,31619,232,9051.73,321,39.02,1.3836,6.16,28.2
2024-04-17,Campaign1,Google Ads,77852,3386,2528.08,25,0.75,0.0074,3.7,101.12
2024-03-07,Campaign5,Facebook Ads,25336,6828,6645.81,871,0.97,0.1276,1.37,7.63
2024-03-10,Campaign4,Google Ads,44083,402,8168.48,276,20.32,0.6866,2.45,29.6
2024-02-02,Campaign4,Instagram Ads,83132,8662,8702.84,281,1.0,0.0324,1.17,30.97
2024-04-05,Campaign1,Twitter Ads,22030,5636,145.9,806,0.03,0.143,2.4,0.18
2024-04-05,Campaign3,LinkedIn Ads,80401,3070,4790.14,485,1.56,0.158,5.77,9.88
2024-03-01,Campaign2,Facebook Ads,90521,8265,8253.39,207,1.0,0.025,9.81,39.87
2024-01-25,Campaign4,Twitter Ads,5661,7181,5333.02,824,0.74,0.1147,6.94,6.47
2024-05-11,Campaign1,Google Ads,28091,4655,1593.55,449,0.34,0.0965,7.64,3.55
2024-02-11,Campaign5,Twitter Ads,45965,1139,8722.16,435,7.66,0.3819,5.72,20.05
2024-05-06,Campaign5,LinkedIn Ads,37371,6067,4843.03,623,0.8,0.1027,1.6,7.77
2024-01-07,Campaign3,Facebook Ads,21203,6597,2884.14,698,0.44,0.1058,8.16,4.13
2024-04-21,Campaign5,Google Ads,48731,9762,8448.25,536,0.87,0.0549,9.12,15.76
2024-04-11,Campaign5,LinkedIn Ads,85413,921,6440.8,238,6.99,0.2584,5.95,27.06
2024-04-17,Campaign4,LinkedIn Ads,33700,827,110.79,420,0.13,0.5079,4.24,0.26
2024-05-04,Campaign4,Facebook Ads,21757,2897,7759.55,798,2.68,0.2755,2.54,9.72
2024-05-14,Campaign4,Twitter Ads,61882,1539,6416.07,946,4.17,0.6147,9.68,6.78
2024-02-03,Campaign5,Instagram Ads,6376,6702,8232.58,313,1.23,0.0467,5.9,26.3
2024-03-02,Campaign4,Twitter Ads,42432,8455,572.24,403,0.07,0.0477,1.2,1.42
2024-04-13,Campaign2,Facebook Ads,25353,867,2818.17,979,3.25,1.1292,6.03,2.88
2024-01-10,Campaign2,LinkedIn Ads,8415,6484,8003.74,372,1.23,0.0574,4.27,21.52
2024-03-29,Campaign2,Google Ads,82236,4963,9929.31,589,2.0,0.1187,8.57,16.86
2024-04-09,Campaign3,Google Ads,73321,881,3461.76,137,3.93,0.1555,1.94,25.27
2024-01-26,Campaign4,Twitter Ads,87821,5510,6927.28,223,1.26,0.0405,8.7,31.06
2024-03-28,Campaign5,Instagram Ads,85580,8171,6762.75,390,0.83,0.0477,6.74,17.34
2024-01-11,Campaign5,Instagram Ads,34730,3912,1714.22,210,0.44,0.0537,2.48,8.16
2024-03-23,Campaign5,Google Ads,1227,1760,1937.82,432,1.1,0.2455,5.1,4.49
2024-03-15,Campaign2,Facebook Ads,72912,6427,4264.98,815,0.66,0.1268,9.27,5.23
2024-01-25,Campaign4,Facebook Ads,82899,2301,380.62,101,0.17,0.0439,7.95,3.77
2024-04-01,Campaign1,Twitter Ads,95757,2319,3101.95,559,1.34,0.2411,7.26,5.55
2024-02-26,Campaign5,LinkedIn Ads,51494,566,5262.19,272,9.3,0.4806,6.05,19.35
2024-03-07,Campaign5,Facebook Ads,91348,1458,2229.14,737,1.53,0.5055,6.44,3.02
2024-04-14,Campaign3,Instagram Ads,56676,4616,4004.99,957,0.87,0.2073,8.94,4.18
2024-01-16,Campaign3,Facebook Ads,75804,8420,9391.72,723,1.12,0.0859,5.43,12.99
2024-02-14,Campaign1,Google Ads,74907,1400,6378.03,720,4.56,0.5143,6.95,8.86
2024-03-07,Campaign3,Twitter Ads,91189,2147,9683.99,399,4.51,0.1858,7.3,24.27
2024-02-17,Campaign4,Google Ads,25492,8438,7426.84,53,0.88,0.0063,2.66,140.13
2024-04-12,Campaign4,Facebook Ads,34257,7759,6310.94,413,0.81,0.0532,3.62,15.28
2024-02-16,Campaign3,Facebook Ads,92315,6104,2575.43,649,0.42,0.1063,1.88,3.97
2024-01-09,Campaign2,Twitter Ads,25272,9951,8048.38,449,0.81,0.0451,4.88,17.93
2024-05-15,Campaign2,LinkedIn Ads,12460,3790,2429.97,752,0.64,0.1984,7.1,3.23
2024-05-21,Campaign5,Twitter Ads,73991,1452,3060.71,443,2.11,0.3051,9.6,6.91
2024-01-01,Campaign2,Facebook Ads,17951,8109,5819.26,646,0.72,0.0797,2.04,9.01
2024-03-16,Campaign2,Facebook Ads,8590,3293,1396.52,286,0.42,0.0869,2.22,4.88
2024-01-21,Campaign4,Twitter Ads,9234,2382,3141.17,855,1.32,0.3589,1.34,3.67
2024-05-24,Campaign5,Instagram Ads,14715,8061,3791.24,910,0.47,0.1129,5.15,4.17
2024-04-21,Campaign3,LinkedIn Ads,69282,4742,5081.67,665,1.07,0.1402,6.87,7.64
2024-04-30,Campaign3,Facebook Ads,71253,6545,8727.87,170,1.33,0.026,2.85,51.34
2024-05-03,Campaign4,Instagram Ads,39989,1218,826.47,288,0.68,0.2365,1.24,2.87
2024-05-09,Campaign3,Twitter Ads,23923,9332,2131.4,376,0.23,0.0403,5.23,5.67
2024-01-30,Campaign3,Facebook Ads,47540,1363,6777.03,307,4.97,0.2252,3.66,22.08
2024-05-09,Campaign3,Facebook Ads,33826,8674,6473.41,987,0.75,0.1138,3.15,6.56
2024-03-04,Campaign5,LinkedIn Ads,70692,2115,9834.19,984,4.65,0.4652,2.93,9.99
2024-01-09,Campaign3,Instagram Ads,67621,7416,9240.0,437,1.25,0.0589,1.93,21.14
2024-02-28,Campaign4,Google Ads,80601,1134,1836.17,240,1.62,0.2116,3.72,7.65
2024-01-28,Campaign4,Instagram Ads,60196,7253,9407.98,234,1.3,0.0323,4.02,40.21
2024-01-08,Campaign3,Twitter Ads,88207,4601,9954.07,943,2.16,0.205,6.85,10.56
2024-04-20,Campaign4,Twitter Ads,52012,9401,5256.29,193,0.56,0.0205,7.04,27.23
2024-04-12,Campaign1,LinkedIn Ads,36622,7043,5609.63,600,0.8,0.0852,1.94,9.35
2024-02-07,Campaign4,Facebook Ads,17447,4478,2598.1,744,0.58,0.1661,1.23,3.49
2024-01-16,Campaign3,Google Ads,30834,9128,6261.88,44,0.69,0.0048,7.97,142.32
2024-03-19,Campaign4,Google Ads,46526,7241,8182.51,213,1.13,0.0294,2.23,38.42
2024-04-20,Campaign3,LinkedIn Ads,74935,3761,7254.36,23,1.93,0.0061,6.46,315.41
2024-05-26,Campaign3,Instagram Ads,57136,6863,1026.28,687,0.15,0.1001,9.82,1.49
2024-01-09,Campaign1,Twitter Ads,20760,1172,4167.26,252,3.56,0.215,3.59,16.54
2024-02-04,Campaign5,LinkedIn Ads,16767,4917,9885.77,614,2.01,0.1249,5.87,16.1
2024-05-12,Campaign4,Instagram Ads,68108,8725,9434.75,787,1.08,0.0902,2.2,11.99
2024-05-18,Campaign3,Google Ads,45715,6487,3133.32,898,0.48,0.1384,6.11,3.49
2024-03-07,Campaign3,Google Ads,76535,1542,8746.83,243,5.67,0.1576,7.3,36.0
2024-05-20,Campaign4,Facebook Ads,62782,8458,6531.9,587,0.77,0.0694,1.83,11.13
2024-04-13,Campaign5,Facebook Ads,92181,6344,9853.63,486,1.55,0.0766,4.94,20.27
2024-02-17,Campaign4,Facebook Ads,89585,7324,994.07,647,0.14,0.0883,2.42,1.54
2024-02-12,Campaign1,Google Ads,90139,6725,1910.79,788,0.28,0.1172,8.01,2.42
2024-03-23,Campaign1,Facebook Ads,54140,5855,3644.75,851,0.62,0.1453,7.16,4.28
2024-05-18,Campaign1,Google Ads,74375,9897,7640.45,859,0.77,0.0868,3.77,8.89
2024-04-18,Campaign2,Twitter Ads,89193,4515,9815.27,626,2.17,0.1386,7.61,15.68
2024-01-21,Campaign4,Facebook Ads,98533,2022,3614.94,154,1.79,0.0762,2.74,23.47
2024-03-18,Campaign2,Twitter Ads,20856,1011,5772.17,31,5.71,0.0307,8.74,186.2
2024-04-16,Campaign2,Facebook Ads,23603,8683,1791.61,93,0.21,0.0107,9.42,19.26
2024-02-29,Campaign4,Facebook Ads,21411,6723,9283.34,633,1.38,0.0942,8.43,14.67
2024-05-14,Campaign5,Google Ads,1695,4533,5910.33,291,1.3,0.0642,5.52,20.31
2024-01-29,Campaign4,Facebook Ads,80610,1946,5704.02,303,2.93,0.1557,8.79,18.83
2024-05-26,Campaign5,Twitter Ads,75385,7926,8222.03,263,1.04,0.0332,4.71,31.26
2024-05-09,Campaign3,Instagram Ads,21603,1718,4435.04,838,2.58,0.4878,7.67,5.29
2024-02-19,Campaign3,LinkedIn Ads,73341,9116,5769.91,666,0.63,0.0731,1.31,8.66
2024-05-21,Campaign2,LinkedIn Ads,39352,1049,5337.06,223,5.09,0.2126,1.28,23.93
2024-05-08,Campaign3,LinkedIn Ads,74801,5214,549.25,69,0.11,0.0132,9.68,7.96
2024-02-18,Campaign5,LinkedIn Ads,49750,2364,9745.66,497,4.12,0.2102,1.8,19.61
2024-03-05,Campaign3,Google Ads,40196,1865,6299.63,235,3.38,0.126,6.41,26.81
2024-04-02,Campaign4,LinkedIn Ads,73454,5714,7786.81,224,1.36,0.0392,5.4,34.76
2024-03-18,Campaign1,LinkedIn Ads,22605,9550,2355.51,181,0.25,0.019,5.55,13.01
2024-01-21,Campaign4,Facebook Ads,84751,4589,3190.99,995,0.7,0.2168,9.17,3.21
2024-04-23,Campaign2,Facebook Ads,71406,5214,3826.73,868,0.73,0.1665,9.79,4.41
2024-01-28,Campaign5,Facebook Ads,38149,2859,6416.86,690,2.24,0.2413,8.41,9.3
2024-04-23,Campaign2,Google Ads,38625,837,6478.06,915,7.74,1.0932,9.38,7.08
2024-03-28,Campaign1,LinkedIn Ads,67495,5685,7933.35,730,1.4,0.1284,5.03,10.87
2024-02-12,Campaign2,Instagram Ads,70857,197,8267.95,39,41.97,0.198,1.86,212.0
2024-04-22,Campaign3,LinkedIn Ads,66677,1144,1218.21,488,1.06,0.4266,6.16,2.5
2024-02-07,Campaign2,Instagram Ads,76486,3067,3570.78,842,1.16,0.2745,1.98,4.24
2024-02-27,Campaign3,Twitter Ads,2983,3893,205.68,187,0.05,0.048,5.39,1.1
2024-05-23,Campaign2,Google Ads,49222,394,1243.79,891,3.16,2.2614,6.75,1.4
2024-02-16,Campaign5,Twitter Ads,10285,1446,8500.18,78,5.88,0.0539,8.13,108.98
2024-04-14,Campaign1,Google Ads,45828,8482,3140.29,82,0.37,0.0097,7.31,38.3
2024-02-04,Campaign2,Twitter Ads,38865,7418,2488.93,636,0.34,0.0857,7.42,3.91
2024-04-23,Campaign4,Twitter Ads,38450,3168,1369.45,864,0.43,0.2727,1.59,1.59
2024-03-06,Campaign1,LinkedIn Ads,19993,629,230.35,413,0.37,0.6566,2.73,0.56
2024-02-08,Campaign5,LinkedIn Ads,69625,9270,167.0,766,0.02,0.0826,8.5,0.22
2024-02-06,Campaign1,Instagram Ads,55491,5957,3946.46,674,0.66,0.1131,7.97,5.86
2024-05-16,Campaign2,Facebook Ads,25777,3855,7225.28,380,1.87,0.0986,6.31,19.01
2024-01-25,Campaign5,Twitter Ads,27577,2715,3724.66,688,1.37,0.2534,5.1,5.41
2024-02-09,Campaign3,Google Ads,7738,9177,7187.15,744,0.78,0.0811,9.41,9.66
2024-04-13,Campaign5,LinkedIn Ads,14920,5031,1506.62,407,0.3,0.0809,1.99,3.7
2024-05-09,Campaign2,Twitter Ads,47400,4046,9108.53,555,2.25,0.1372,3.91,16.41
2024-02-20,Campaign5,Twitter Ads,24568,7900,6188.24,386,0.78,0.0489,2.91,16.03
2024-01-18,Campaign3,Facebook Ads,78827,6425,7105.65,806,1.11,0.1254,4.47,8.82
2024-05-01,Campaign5,Twitter Ads,91338,1058,1168.8,33,1.1,0.0312,3.17,35.42
2024-04-13,Campaign3,Twitter Ads,35934,1672,3522.79,578,2.11,0.3457,7.01,6.09
2024-02-14,Campaign2,Google Ads,38035,5966,5810.49,840,0.97,0.1408,1.89,6.92
2024-03-18,Campaign5,Facebook Ads,35692,7151,8902.7,468,1.24,0.0654,6.79,19.02
2024-01-18,Campaign3,LinkedIn Ads,84854,1231,8651.7,108,7.03,0.0877,2.77,80.11
2024-03-23,Campaign4,LinkedIn Ads,13406,5897,8340.81,904,1.41,0.1533,4.42,9.23
2024-02-24,Campaign5,Instagram Ads,70904,1397,4362.72,714,3.12,0.5111,4.93,6.11
2024-01-26,Campaign4,LinkedIn Ads,47697,3366,5838.24,741,1.73,0.2201,8.08,7.88
2024-03-22,Campaign1,Google Ads,35247,2566,9171.96,829,3.57,0.3231,4.55,11.06
2024-02-26,Campaign3,LinkedIn Ads,55715,237,1556.94,603,6.57,2.5443,2.31,2.58
2024-01-31,Campaign2,Google Ads,21981,7605,4552.89,987,0.6,0.1298,6.01,4.61
2024-01-09,Campaign3,Facebook Ads,39698,482,798.64,545,1.66,1.1307,2.85,1.47
2024-04-27,Campaign3,Instagram Ads,77830,8794,9320.77,893,1.06,0.1015,8.5,10.44
2024-01-03,Campaign1,Twitter Ads,24149,2566,5065.91,604,1.97,0.2354,4.47,8.39
2024-03-19,Campaign2,Twitter Ads,10404,6956,4137.42,825,0.59,0.1186,8.41,5.02
2024-04-07,Campaign1,Google Ads,96726,2819,4024.19,255,1.43,0.0905,2.79,15.78
2024-04-19,Campaign1,Google Ads,63843,6509,8161.31,348,1.25,0.0535,9.44,23.45
2024-04-04,Campaign5,Twitter Ads,66178,4667,8028.1,714,1.72,0.153,8.53,11.24
2024-01-17,Campaign3,Facebook Ads,57355,4023,2493.37,381,0.62,0.0947,7.73,6.54
2024-01-14,Campaign5,Instagram Ads,36492,8293,4594.54,528,0.55,0.0637,2.49,8.7
2024-05-11,Campaign3,Instagram Ads,30270,3723,430.36,475,0.12,0.1276,3.76,0.91
2024-05-19,Campaign4,Twitter Ads,56143,6357,2320.17,612,0.36,0.0963,5.23,3.79
2024-03-05,Campaign4,Facebook Ads,15241,5881,2228.09,408,0.38,0.0694,2.77,5.46
2024-01-03,Campaign3,Google Ads,20198,1732,4398.37,781,2.54,0.4509,1.93,5.63
2024-02-12,Campaign4,Twitter Ads,79282,9129,3708.62,969,0.41,0.1061,9.27,3.83
2024-05-04,Campaign1,Instagram Ads,59513,373,593.18,666,1.59,1.7855,5.05,0.89
2024-03-02,Campaign3,LinkedIn Ads,39806,4583,3498.21,212,0.76,0.0463,2.18,16.5
2024-01-24,Campaign5,LinkedIn Ads,56634,4506,4093.71,926,0.91,0.2055,9.42,4.42
2024-05-07,Campaign3,Instagram Ads,23925,5991,7512.0,387,1.25,0.0646,1.74,19.41
2024-05-18,Campaign2,Facebook Ads,1268,1277,1566.61,960,1.23,0.7518,3.56,1.63
2024-01-09,Campaign5,Google Ads,72658,8891,4357.69,147,0.49,0.0165,5.72,29.64
2024-05-26,Campaign5,Twitter Ads,45164,567,8471.98,54,14.94,0.0952,4.25,156.89
2024-01-19,Campaign4,Google Ads,21052,7762,6984.59,891,0.9,0.1148,8.85,7.84
2024-01-23,Campaign2,LinkedIn Ads,77325,2351,4901.01,507,2.08,0.2157,6.66,9.67
2024-05-24,Campaign2,Twitter Ads,43699,5966,1163.11,946,0.19,0.1586,4.0,1.23
2024-04-28,Campaign3,Twitter Ads,7606,664,4883.81,213,7.36,0.3208,8.46,22.93
2024-04-09,Campaign4,LinkedIn Ads,37291,3646,6266.01,109,1.72,0.0299,2.55,57.49
2024-03-01,Campaign3,Twitter Ads,7338,9209,3691.16,808,0.4,0.0877,5.39,4.57
2024-03-25,Campaign3,Facebook Ads,34062,2876,1630.49,852,0.57,0.2962,4.55,1.91
2024-03-10,Campaign4,Facebook Ads,38841,2430,8595.65,170,3.54,0.07,6.39,50.56
2024-05-20,Campaign3,Facebook Ads,99038,675,6246.32,368,9.25,0.5452,2.83,16.97
2024-05-12,Campaign5,Twitter Ads,48731,4690,5976.47,608,1.27,0.1296,7.19,9.83
2024-01-28,Campaign3,Facebook Ads,88981,556,8512.38,139,15.31,0.25,1.15,61.24
2024-04-13,Campaign3,Twitter Ads,80623,4443,7326.99,227,1.65,0.0511,7.03,32.28
2024-05-14,Campaign3,Google Ads,64039,9987,3034.98,405,0.3,0.0406,6.0,7.49
2024-04-07,Campaign2,Google Ads,56823,2458,9200.39,505,3.74,0.2055,1.47,18.22
2024-01-29,Campaign1,Instagram Ads,94636,4572,463.75,227,0.1,0.0497,2.05,2.04
2024-02-11,Campaign5,Google Ads,41450,7057,200.12,399,0.03,0.0565,8.08,0.5
2024-04-09,Campaign3,Instagram Ads,63090,3276,3828.07,93,1.17,0.0284,7.09,41.16
2024-04-18,Campaign5,Twitter Ads,40602,5133,7950.6,47,1.55,0.0092,3.52,169.16
2024-03-16,Campaign4,Facebook Ads,77970,1663,1042.71,389,0.63,0.2339,1.42,2.68
2024-03-17,Campaign4,LinkedIn Ads,19235,5371,5231.76,526,0.97,0.0979,1.7,9.95
2024-04-16,Campaign5,Google Ads,32868,1309,4399.69,946,3.36,0.7227,4.89,4.65
2024-03-21,Campaign4,Google Ads,37616,9424,1523.73,952,0.16,0.101,8.66,1.6
2024-03-23,Campaign4,Google Ads,57112,496,8820.07,953,17.78,1.9214,8.88,9.26
2024-04-11,Campaign3,Twitter Ads,52691,2645,4143.52,856,1.57,0.3236,5.69,4.84
2024-02-11,Campaign1,Twitter Ads,65719,7955,4534.88,840,0.57,0.1056,5.03,5.4
2024-02-04,Campaign3,Google Ads,80065,3639,2072.1,930,0.57,0.2556,2.9,2.23
2024-04-10,Campaign4,Twitter Ads,56029,2247,579.92,961,0.26,0.4277,1.43,0.6
2024-03-05,Campaign4,Instagram Ads,36161,1140,1244.42,747,1.09,0.6553,8.56,1.67
2024-05-03,Campaign5,Google Ads,94331,5141,9712.66,392,1.89,0.0762,6.19,24.78
2024-01-31,Campaign1,LinkedIn Ads,69899,8130,4628.59,333,0.57,0.041,6.08,13.9
2024-03-28,Campaign3,LinkedIn Ads,2557,1505,6121.06,975,4.07,0.6478,6.42,6.28
2024-02-01,Campaign4,Instagram Ads,2235,6093,8023.96,527,1.32,0.0865,4.67,15.23
2024-05-12,Campaign4,LinkedIn Ads,92743,6056,6292.4,162,1.04,0.0268,8.95,38.84
2024-05-18,Campaign2,Instagram Ads,18903,8884,9584.55,724,1.08,0.0815,1.04,13.24
2024-02-19,Campaign3,LinkedIn Ads,73577,2509,406.81,313,0.16,0.1248,1.0,1.3
2024-03-18,Campaign1,Instagram Ads,9538,4519,1630.69,476,0.36,0.1053,8.33,3.43
2024-05-26,Campaign3,Twitter Ads,60921,5040,9629.63,768,1.91,0.1524,5.99,12.54
2024-01-20,Campaign2,Twitter Ads,95902,7549,2778.87,217,0.37,0.0287,2.2,12.81
2024-04-22,Campaign1,LinkedIn Ads,44407,7341,9877.94,528,1.35,0.0719,2.82,18.71
2024-02-05,Campaign2,LinkedIn Ads,33661,9592,6548.3,635,0.68,0.0662,1.24,10.31
2024-01-18,Campaign3,Google Ads,15736,5398,4527.98,474,0.84,0.0878,8.47,9.55
2024-01-21,Campaign3,Facebook Ads,63192,3967,6928.73,964,1.75,0.243,2.06,7.19
2024-02-19,Campaign1,LinkedIn Ads,63176,4420,4569.41,409,1.03,0.0925,7.39,11.17
2024-01-04,Campaign2,Twitter Ads,41482,3339,1958.65,366,0.59,0.1096,8.5,5.35
2024-04-19,Campaign4,Twitter Ads,36422,5456,1345.76,202,0.25,0.037,6.32,6.66
2024-05-10,Campaign2,Facebook Ads,18626,9596,1010.96,776,0.11,0.0809,9.07,1.3
2024-04-07,Campaign2,Google Ads,84021,9954,729.89,73,0.07,0.0073,4.18,10.0
2024-05-09,Campaign2,Twitter Ads,72136,3170,4158.08,676,1.31,0.2132,1.3,6.15
2024-04-05,Campaign4,Twitter Ads,94489,1540,6516.29,218,4.23,0.1416,5.61,29.89
2024-02-02,Campaign5,Facebook Ads,81006,4287,2916.27,312,0.68,0.0728,1.97,9.35
2024-04-11,Campaign3,Facebook Ads,7628,720,9931.95,94,13.79,0.1306,4.04,105.66
2024-04-01,Campaign1,Instagram Ads,42703,6342,3034.75,281,0.48,0.0443,4.74,10.8
2024-03-06,Campaign3,LinkedIn Ads,98857,8008,2207.43,436,0.28,0.0544,5.91,5.06
2024-05-22,Campaign4,Facebook Ads,43971,8987,8628.69,420,0.96,0.0467,3.09,20.54
2024-05-21,Campaign1,Facebook Ads,57951,6062,3993.42,339,0.66,0.0559,3.46,11.78
2024-05-21,Campaign3,Instagram Ads,10736,2236,914.78,997,0.41,0.4459,2.69,0.92
2024-04-24,Campaign2,Google Ads,69065,8098,4658.12,864,0.58,0.1067,4.36,5.39
2024-04-02,Campaign4,Twitter Ads,81749,7170,6520.59,672,0.91,0.0937,4.38,9.7
2024-02-24,Campaign1,Twitter Ads,80105,2251,653.67,287,0.29,0.1275,1.06,2.28
2024-02-12,Campaign1,Twitter Ads,89479,1051,978.26,197,0.93,0.1874,9.62,4.97
2024-01-15,Campaign4,LinkedIn Ads,18565,491,8107.86,532,16.51,1.0835,5.24,15.24
2024-01-12,Campaign5,Facebook Ads,12905,2508,7246.6,366,2.89,0.1459,4.26,19.8
2024-03-30,Campaign1,LinkedIn Ads,25822,9911,5496.87,667,0.55,0.0673,5.96,8.24
2024-03-25,Campaign5,Twitter Ads,12861,7735,443.27,380,0.06,0.0491,1.82,1.17
2024-01-29,Campaign5,Google Ads,94834,7354,5850.55,744,0.8,0.1012,2.64,7.86
2024-01-19,Campaign4,LinkedIn Ads,34922,6339,1218.2,985,0.19,0.1554,1.48,1.24
2024-05-19,Campaign1,Google Ads,85942,3942,5500.93,538,1.4,0.1365,7.12,10.22
2024-01-16,Campaign1,Facebook Ads,34430,8706,4642.79,446,0.53,0.0512,8.7,10.41
2024-01-08,Campaign4,LinkedIn Ads,13684,5912,2194.47,847,0.37,0.1433,1.58,2.59
2024-03-14,Campaign4,Facebook Ads,40601,6496,2583.63,114,0.4,0.0175,9.35,22.66
2024-04-09,Campaign4,Instagram Ads,55663,4775,4261.72,385,0.89,0.0806,1.6,11.07
2024-01-02,Campaign2,LinkedIn Ads,97918,536,3694.3,206,6.89,0.3843,3.37,17.93
2024-02-12,Campaign1,Twitter Ads,9348,6616,3508.93,781,0.53,0.118,2.93,4.49
2024-03-08,Campaign3,LinkedIn Ads,7290,2093,7227.45,36,3.45,0.0172,2.04,200.76
2024-04-10,Campaign1,Twitter Ads,21733,8125,9074.58,313,1.12,0.0385,9.96,28.99
2024-01-04,Campaign4,Twitter Ads,91956,9139,7969.51,843,0.87,0.0922,7.18,9.45
2024-01-04,Campaign3,Facebook Ads,66091,5575,3643.47,248,0.65,0.0445,5.54,14.69
2024-01-30,Campaign4,LinkedIn Ads,42650,749,1135.74,635,1.52,0.8478,9.8,1.79
2024-03-19,Campaign5,Google Ads,87736,7073,312.28,73,0.04,0.0103,2.53,4.28
2024-01-12,Campaign4,Twitter Ads,42626,4237,9093.93,807,2.15,0.1905,7.08,11.27
2024-03-11,Campaign3,Google Ads,39601,9441,7009.12,589,0.74,0.0624,6.26,11.9
2024-03-14,Campaign3,Instagram Ads,80154,1625,4815.68,319,2.96,0.1963,9.62,15.1
2024-03-26,Campaign3,LinkedIn Ads,45171,6087,8317.25,400,1.37,0.0657,4.02,20.79
2024-05-10,Campaign3,LinkedIn Ads,92367,1528,2805.71,642,1.84,0.4202,3.77,4.37
2024-04-08,Campaign4,LinkedIn Ads,15224,8548,3867.82,118,0.45,0.0138,2.29,32.78
2024-01-18,Campaign3,Facebook Ads,96611,1754,213.57,980,0.12,0.5587,8.77,0.22
2024-05-04,Campaign3,Instagram Ads,68723,2758,5851.79,959,2.12,0.3477,3.96,6.1
2024-05-09,Campaign4,Facebook Ads,12685,123,4820.52,507,39.19,4.122,7.05,9.51
2024-05-05,Campaign2,Twitter Ads,21130,1595,4258.16,867,2.67,0.5436,1.94,4.91
2024-04-15,Campaign3,Instagram Ads,71465,4323,3606.31,639,0.83,0.1478,4.88,5.64
2024-02-18,Campaign4,Instagram Ads,44684,3157,618.38,249,0.2,0.0789,1.14,2.48
2024-03-04,Campaign1,Facebook Ads,87105,5453,1010.18,468,0.19,0.0858,2.4,2.16
2024-02-01,Campaign4,Google Ads,65259,9070,1482.52,377,0.16,0.0416,5.28,3.93
2024-02-04,Campaign2,Facebook Ads,85136,4616,9217.78,79,2.0,0.0171,4.47,116.68
2024-02-21,Campaign1,Facebook Ads,84192,8014,6162.12,263,0.77,0.0328,4.07,23.43
2024-01-18,Campaign4,Instagram Ads,95067,5920,781.3,604,0.13,0.102,1.38,1.29
2024-03-14,Campaign5,Twitter Ads,88806,3616,9012.15,881,2.49,0.2436,3.2,10.23
2024-02-11,Campaign2,Facebook Ads,25099,4473,9630.75,269,2.15,0.0601,1.89,35.8
2024-01-31,Campaign4,Google Ads,25417,2737,3459.81,490,1.26,0.179,2.18,7.06
2024-04-30,Campaign1,LinkedIn Ads,2001,6145,3132.38,239,0.51,0.0389,4.43,13.11
2024-01-19,Campaign2,Google Ads,5933,482,2799.04,833,5.81,1.7282,7.68,3.36
2024-01-30,Campaign1,Twitter Ads,70907,156,7860.68,267,50.39,1.7115,6.48,29.44
2024-03-12,Campaign5,Instagram Ads,63853,8140,392.27,96,0.05,0.0118,2.31,4.09
2024-05-18,Campaign4,Twitter Ads,91238,1489,3794.86,927,2.55,0.6226,5.59,4.09
2024-03-14,Campaign3,Instagram Ads,96391,2340,5543.7,806,2.37,0.3444,1.72,6.88
2024-03-24,Campaign2,LinkedIn Ads,78316,8002,2826.12,698,0.35,0.0872,6.17,4.05
2024-03-01,Campaign3,Google Ads,63041,1870,2267.3,650,1.21,0.3476,1.51,3.49
2024-01-13,Campaign3,LinkedIn Ads,63754,1333,6381.13,747,4.79,0.5604,9.95,8.54
2024-05-17,Campaign5,Instagram Ads,60450,6038,3297.6,538,0.55,0.0891,2.61,6.13
2024-05-23,Campaign2,Instagram Ads,94071,7744,8218.45,275,1.06,0.0355,6.7,29.89
2024-01-08,Campaign4,Facebook Ads,67801,297,976.67,884,3.29,2.9764,7.56,1.1
2024-01-13,Campaign3,Facebook Ads,18928,5382,9840.44,701,1.83,0.1302,3.53,14.04
2024-02-16,Campaign4,Twitter Ads,18264,7452,4916.78,512,0.66,0.0687,8.13,9.6
2024-03-22,Campaign4,Twitter Ads,80759,9851,1928.95,23,0.2,0.0023,5.46,83.87
2024-05-11,Campaign2,Google Ads,50045,2907,6454.07,227,2.22,0.0781,3.64,28.43
2024-01-30,Campaign2,Twitter Ads,20263,2500,1189.83,355,0.48,0.142,4.38,3.35
2024-04-18,Campaign5,Instagram Ads,33743,8706,1492.96,303,0.17,0.0348,2.93,4.93
2024-04-20,Campaign3,LinkedIn Ads,67703,7543,2929.63,188,0.39,0.0249,5.1,15.58
2024-01-02,Campaign3,Facebook Ads,1010,1873,2042.57,626,1.09,0.3342,2.39,3.26
2024-04-22,Campaign3,Instagram Ads,60172,7516,1055.04,133,0.14,0.0177,3.3,7.93
2024-04-19,Campaign4,LinkedIn Ads,1065,8692,9268.79,727,1.07,0.0836,5.96,12.75
2024-03-19,Campaign2,Google Ads,33524,7245,8202.4,836,1.13,0.1154,4.49,9.81
2024-01-02,Campaign2,Instagram Ads,82568,2970,4441.9,24,1.5,0.0081,2.94,185.08
2024-02-01,Campaign3,Google Ads,58772,6274,500.61,760,0.08,0.1211,6.95,0.66
2024-05-18,Campaign5,Google Ads,77529,6496,7448.84,597,1.15,0.0919,2.32,12.48
2024-01-03,Campaign5,LinkedIn Ads,55090,1865,7645.61,721,4.1,0.3866,3.56,10.6
2024-01-21,Campaign5,Facebook Ads,32432,1328,5485.1,10,4.13,0.0075,5.96,548.51
2024-04-04,Campaign1,Google Ads,81789,3495,8227.37,579,2.35,0.1657,8.63,14.21
2024-03-24,Campaign2,Twitter Ads,91005,3445,7061.16,696,2.05,0.202,9.38,10.15
2024-05-23,Campaign2,Twitter Ads,88884,5890,7686.45,674,1.3,0.1144,1.28,11.4
2024-04-09,Campaign1,LinkedIn Ads,4316,5357,6717.64,668,1.25,0.1247,8.57,10.06
2024-04-17,Campaign2,Twitter Ads,58874,255,1303.04,239,5.11,0.9373,3.37,5.45
2024-01-30,Campaign4,Twitter Ads,36371,7941,6503.86,671,0.82,0.0845,3.39,9.69
2024-03-27,Campaign5,Twitter Ads,59860,5268,3072.5,503,0.58,0.0955,2.43,6.11
2024-03-19,Campaign3,Google Ads,75500,7351,3068.51,574,0.42,0.0781,4.76,5.35
2024-04-24,Campaign1,Google Ads,5392,5184,606.66,719,0.12,0.1387,5.56,0.84
2024-03-02,Campaign5,Google Ads,78212,1274,5970.95,521,4.69,0.4089,1.26,11.46
2024-01-03,Campaign5,LinkedIn Ads,51150,8438,2696.46,360,0.32,0.0427,1.51,7.49
2024-02-22,Campaign1,Google Ads,59833,1723,5455.69,729,3.17,0.4231,9.57,7.48
2024-01-03,Campaign2,Instagram Ads,90219,1252,7013.25,352,5.6,0.2812,9.1,19.92
2024-04-01,Campaign4,Instagram Ads,32591,3796,9448.1,508,2.49,0.1338,3.24,18.6
2024-03-13,Campaign2,LinkedIn Ads,92893,8374,2971.33,707,0.35,0.0844,9.81,4.2
2024-03-20,Campaign5,Google Ads,90926,7790,2746.19,202,0.35,0.0259,2.12,13.6
2024-02-17,Campaign5,Instagram Ads,34571,8198,1744.69,505,0.21,0.0616,2.8,3.45
2024-01-13,Campaign4,LinkedIn Ads,83570,1374,539.57,164,0.39,0.1194,7.89,3.29
2024-04-14,Campaign2,Google Ads,65884,2663,1922.7,772,0.72,0.2899,1.48,2.49
2024-01-06,Campaign4,Facebook Ads,35587,1223,6790.1,952,5.55,0.7784,5.0,7.13
2024-05-03,Campaign1,Facebook Ads,21937,643,1142.88,478,1.78,0.7434,8.04,2.39
2024-01-18,Campaign4,LinkedIn Ads,73206,768,537.59,134,0.7,0.1745,7.74,4.01
2024-04-23,Campaign3,Facebook Ads,10964,9024,3761.83,327,0.42,0.0362,6.89,11.5
2024-05-07,Campaign4,LinkedIn Ads,50352,5151,2039.51,665,0.4,0.1291,9.56,3.07
2024-02-12,Campaign1,Instagram Ads,90477,2101,132.1,158,0.06,0.0752,3.2,0.84
2024-02-18,Campaign2,Instagram Ads,54018,8441,6939.24,496,0.82,0.0588,2.95,13.99
2024-01-21,Campaign2,Twitter Ads,77240,4380,9035.06,436,2.06,0.0995,5.63,20.72
2024-01-15,Campaign4,Instagram Ads,86560,4263,1555.72,703,0.36,0.1649,4.51,2.21
2024-05-10,Campaign2,Instagram Ads,3623,6127,5191.21,290,0.85,0.0473,6.04,17.9
2024-05-25,Campaign2,Instagram Ads,92889,9845,8534.87,804,0.87,0.0817,9.78,10.62
2024-05-21,Campaign5,LinkedIn Ads,53252,1370,6373.22,272,4.65,0.1985,6.17,23.43
2024-02-14,Campaign5,Facebook Ads,2801,2041,9369.78,184,4.59,0.0902,2.69,50.92
2024-05-14,Campaign2,Twitter Ads,79432,4026,766.9,482,0.19,0.1197,1.49,1.59
2024-03-31,Campaign3,Twitter Ads,67135,3059,3076.82,885,1.01,0.2893,8.67,3.48
2024-02-06,Campaign4,Facebook Ads,42796,1665,4720.97,815,2.84,0.4895,8.88,5.79
2024-02-26,Campaign2,Google Ads,23202,7519,2675.27,804,0.36,0.1069,9.03,3.33
2024-05-07,Campaign2,Facebook Ads,25070,7689,4680.13,289,0.61,0.0376,8.77,16.19
2024-02-19,Campaign1,Facebook Ads,72158,782,3219.44,581,4.12,0.743,4.28,5.54
2024-05-05,Campaign5,Google Ads,60431,6076,6488.4,766,1.07,0.1261,6.42,8.47
2024-05-16,Campaign3,Facebook Ads,34231,5115,5430.98,273,1.06,0.0534,7.89,19.89
2024-04-21,Campaign2,Instagram Ads,75131,8459,7002.07,261,0.83,0.0309,8.53,26.83
2024-01-01,Campaign1,Instagram Ads,23264,9533,6610.89,757,0.69,0.0794,4.44,8.73
2024-03-19,Campaign4,Facebook Ads,88366,9661,8568.06,325,0.89,0.0336,5.21,26.36
2024-03-09,Campaign5,Facebook Ads,37551,2394,8875.96,598,3.71,0.2498,4.73,14.84
2024-05-24,Campaign2,Instagram Ads,62022,5531,418.25,358,0.08,0.0647,9.24,1.17
2024-04-30,Campaign4,Facebook Ads,54728,9135,7868.88,11,0.86,0.0012,6.01,715.35
2024-01-13,Campaign5,LinkedIn Ads,62753,298,3962.53,397,13.3,1.3322,7.78,9.98
2024-04-19,Campaign4,LinkedIn Ads,10011,311,7112.62,766,22.87,2.463,2.81,9.29
2024-04-24,Campaign4,Twitter Ads,25922,3789,4505.6,580,1.19,0.1531,6.85,7.77
2024-03-25,Campaign5,Google Ads,41781,4377,1138.17,587,0.26,0.1341,3.55,1.94
2024-04-15,Campaign2,Facebook Ads,9342,9666,6632.56,618,0.69,0.0639,1.97,10.73
2024-05-05,Campaign2,LinkedIn Ads,56347,1836,5674.39,295,3.09,0.1607,8.31,19.24
2024-04-19,Campaign5,Twitter Ads,22869,6460,2081.76,843,0.32,0.1305,1.64,2.47
2024-02-08,Campaign2,Instagram Ads,52537,7521,4819.36,316,0.64,0.042,5.29,15.25
2024-02-03,Campaign4,Twitter Ads,74240,2534,6284.95,978,2.48,0.386,9.42,6.43
2024-04-22,Campaign5,Google Ads,30113,3631,8542.21,273,2.35,0.0752,7.38,31.29
2024-03-11,Campaign3,Twitter Ads,9969,3147,2225.92,171,0.71,0.0543,4.93,13.02
2024-02-26,Campaign2,Facebook Ads,40285,2201,1465.25,824,0.67,0.3744,1.03,1.78
2024-04-12,Campaign4,Facebook Ads,2563,4193,1646.1,104,0.39,0.0248,2.33,15.83
2024-03-23,Campaign5,Twitter Ads,68767,6338,7116.67,297,1.12,0.0469,9.78,23.96
2024-03-28,Campaign3,Facebook Ads,22485,8463,5064.4,450,0.6,0.0532,7.4,11.25
2024-02-29,Campaign5,LinkedIn Ads,83306,8422,3651.95,511,0.43,0.0607,8.07,7.15
2024-04-07,Campaign5,Instagram Ads,13510,840,2227.71,280,2.65,0.3333,3.8,7.96
2024-03-09,Campaign1,Instagram Ads,90120,4944,1042.78,295,0.21,0.0597,6.89,3.53
2024-04-18,Campaign3,LinkedIn Ads,66079,9509,7227.71,665,0.76,0.0699,2.29,10.87
2024-04-30,Campaign3,Twitter Ads,94791,9281,7569.63,720,0.82,0.0776,3.56,10.51
2024-05-05,Campaign5,Instagram Ads,81024,3130,4794.8,598,1.53,0.1911,2.67,8.02
2024-03-11,Campaign2,LinkedIn Ads,72812,9457,3142.45,962,0.33,0.1017,4.57,3.27
2024-03-09,Campaign2,LinkedIn Ads,79021,2794,6782.53,851,2.43,0.3046,7.35,7.97
2024-05-01,Campaign2,Google Ads,79365,8554,3352.49,916,0.39,0.1071,8.23,3.66
2024-05-22,Campaign1,Facebook Ads,57251,7870,5334.57,206,0.68,0.0262,2.54,25.9
2024-02-18,Campaign2,LinkedIn Ads,6974,8922,8306.67,125,0.93,0.014,6.61,66.45
2024-02-16,Campaign2,Twitter Ads,91279,7307,8839.93,316,1.21,0.0432,7.68,27.97
2024-03-21,Campaign5,Twitter Ads,50126,6498,7012.79,66,1.08,0.0102,6.21,106.25
2024-05-09,Campaign2,LinkedIn Ads,29403,1678,7003.77,534,4.17,0.3182,7.28,13.12
2024-04-14,Campaign2,LinkedIn Ads,17989,372,8624.91,256,23.19,0.6882,7.88,33.69
2024-03-03,Campaign5,Instagram Ads,72423,7543,9599.29,768,1.27,0.1018,4.52,12.5
2024-05-11,Campaign2,Facebook Ads,98293,5760,9139.05,249,1.59,0.0432,1.72,36.7
2024-03-26,Campaign1,LinkedIn Ads,56249,4286,611.49,611,0.14,0.1426,8.46,1.0
2024-02-01,Campaign3,Instagram Ads,56701,5184,9782.28,220,1.89,0.0424,3.02,44.46
2024-03-08,Campaign2,Google Ads,91501,8793,3926.36,48,0.45,0.0055,4.49,81.8
2024-03-09,Campaign5,Instagram Ads,19124,9561,9727.77,97,1.02,0.0101,6.69,100.29
2024-04-17,Campaign3,Facebook Ads,67804,892,1052.51,205,1.18,0.2298,8.04,5.13
2024-05-06,Campaign4,Instagram Ads,97048,2361,955.92,113,0.4,0.0479,4.06,8.46
2024-05-23,Campaign4,LinkedIn Ads,50876,2379,6561.61,323,2.76,0.1358,1.52,20.31
2024-03-24,Campaign1,Facebook Ads,26724,8122,4727.31,336,0.58,0.0414,7.95,14.07
2024-04-24,Campaign2,Facebook Ads,7225,1923,1724.74,766,0.9,0.3983,1.96,2.25
2024-01-10,Campaign1,Facebook Ads,88086,2323,1532.0,423,0.66,0.1821,4.63,3.62
2024-04-27,Campaign3,Facebook Ads,91753,5359,8131.89,983,1.52,0.1834,5.14,8.27
2024-05-25,Campaign4,Instagram Ads,14380,3059,2825.66,943,0.92,0.3083,7.95,3.0
2024-04-01,Campaign1,Facebook Ads,46595,9232,4840.42,737,0.52,0.0798,5.38,6.57
2024-02-24,Campaign5,LinkedIn Ads,77878,3748,2744.79,960,0.73,0.2561,4.72,2.86
2024-01-14,Campaign2,Google Ads,74160,543,6231.18,789,11.48,1.453,4.59,7.9
2024-05-18,Campaign5,Google Ads,31608,9099,4634.61,124,0.51,0.0136,8.81,37.38
2024-02-21,Campaign5,LinkedIn Ads,58094,6443,9556.13,452,1.48,0.0702,2.17,21.14
2024-02-20,Campaign4,Twitter Ads,89495,6288,9016.72,702,1.43,0.1116,9.65,12.84
2024-04-21,Campaign1,Instagram Ads,34858,1044,5209.28,125,4.99,0.1197,4.43,41.67
2024-03-17,Campaign4,Google Ads,17432,3165,2300.69,506,0.73,0.1599,4.72,4.55
2024-03-24,Campaign4,Google Ads,30968,4923,6586.89,99,1.34,0.0201,4.37,66.53
2024-01-27,Campaign5,Facebook Ads,62051,3546,4327.85,464,1.22,0.1309,9.51,9.33
2024-04-20,Campaign5,Facebook Ads,14134,7842,9481.32,399,1.21,0.0509,6.26,23.76
2024-02-13,Campaign2,Facebook Ads,99777,4009,7559.09,500,1.89,0.1247,3.42,15.12
2024-01-13,Campaign1,LinkedIn Ads,45483,4921,4328.93,175,0.88,0.0356,3.1,24.74
2024-01-25,Campaign1,Instagram Ads,55297,6177,4490.34,841,0.73,0.1362,4.32,5.34
2024-05-16,Campaign2,LinkedIn Ads,58939,538,2250.71,971,4.18,1.8048,5.59,2.32
2024-04-13,Campaign3,Twitter Ads,53042,8785,9216.93,757,1.05,0.0862,8.67,12.18
2024-04-04,Campaign3,Twitter Ads,78240,6051,1039.33,604,0.17,0.0998,9.63,1.72
2024-03-13,Campaign2,LinkedIn Ads,59340,2179,360.46,392,0.17,0.1799,8.41,0.92
2024-02-12,Campaign5,Instagram Ads,97397,6693,4435.02,844,0.66,0.1261,9.04,5.25
2024-01-28,Campaign3,LinkedIn Ads,86025,8503,6049.4,347,0.71,0.0408,2.75,17.43
2024-02-28,Campaign2,LinkedIn Ads,54260,8330,8541.67,537,1.03,0.0645,9.57,15.91
2024-01-04,Campaign2,LinkedIn Ads,76487,8686,4150.17,973,0.48,0.112,5.04,4.27
2024-03-11,Campaign1,Google Ads,92787,6335,8070.03,622,1.27,0.0982,2.09,12.97
2024-04-10,Campaign3,Twitter Ads,16243,711,7898.29,585,11.11,0.8228,7.39,13.5
2024-05-02,Campaign1,LinkedIn Ads,21938,6776,3372.36,131,0.5,0.0193,3.66,25.74
2024-03-02,Campaign1,Facebook Ads,69626,586,8123.11,927,13.86,1.5819,9.48,8.76
2024-01-29,Campaign5,Google Ads,5358,549,8226.99,592,14.99,1.0783,2.55,13.9
2024-01-19,Campaign5,Instagram Ads,95982,8465,8010.59,216,0.95,0.0255,6.68,37.09
2024-02-05,Campaign4,Instagram Ads,57149,1951,1797.57,496,0.92,0.2542,1.26,3.62
2024-04-16,Campaign3,LinkedIn Ads,4460,8724,7674.53,233,0.88,0.0267,5.15,32.94
2024-05-23,Campaign2,Facebook Ads,38815,5893,5123.88,882,0.87,0.1497,3.75,5.81
2024-01-11,Campaign5,Facebook Ads,73055,8940,3552.84,854,0.4,0.0955,5.81,4.16
2024-03-13,Campaign2,LinkedIn Ads,89494,5816,118.65,377,0.02,0.0648,3.83,0.31
2024-02-20,Campaign5,Facebook Ads,81813,704,3225.56,650,4.58,0.9233,2.5,4.96
2024-01-15,Campaign4,LinkedIn Ads,87304,6608,8635.5,54,1.31,0.0082,1.36,159.92
2024-02-10,Campaign1,Facebook Ads,49426,5659,6293.27,671,1.11,0.1186,3.64,9.38
2024-02-29,Campaign4,Google Ads,59087,1102,9027.34,818,8.19,0.7423,9.44,11.04
2024-02-08,Campaign2,LinkedIn Ads,49315,6534,3316.34,27,0.51,0.0041,7.58,122.83
2024-05-04,Campaign2,Instagram Ads,12764,5446,6868.52,916,1.26,0.1682,2.02,7.5
2024-01-08,Campaign5,Google Ads,75044,8726,3042.74,573,0.35,0.0657,8.64,5.31
2024-01-29,Campaign4,Instagram Ads,61748,9871,2997.59,140,0.3,0.0142,3.51,21.41
2024-02-03,Campaign2,Twitter Ads,57285,5757,8254.57,500,1.43,0.0869,8.12,16.51
2024-05-06,Campaign1,LinkedIn Ads,86824,8455,3984.02,791,0.47,0.0936,2.64,5.04
2024-03-06,Campaign1,Twitter Ads,66473,4841,9364.0,955,1.93,0.1973,7.42,9.81
2024-03-30,Campaign2,LinkedIn Ads,86509,8737,344.29,960,0.04,0.1099,6.72,0.36
2024-04-05,Campaign4,Twitter Ads,10977,1749,9702.99,347,5.55,0.1984,7.77,27.96
2024-05-21,Campaign1,Instagram Ads,42495,3564,2108.11,509,0.59,0.1428,6.86,4.14
2024-03-15,Campaign1,LinkedIn Ads,72157,5897,1727.44,798,0.29,0.1353,7.81,2.16
2024-02-23,Campaign4,Google Ads,38923,6853,8603.86,455,1.26,0.0664,6.58,18.91
2024-03-22,Campaign3,Google Ads,62451,944,1658.24,236,1.76,0.25,5.53,7.03
2024-02-19,Campaign2,Facebook Ads,13397,5945,5708.18,675,0.96,0.1135,3.14,8.46
2024-02-02,Campaign4,LinkedIn Ads,15086,1910,9506.85,749,4.98,0.3921,6.67,12.69
2024-05-19,Campaign2,Instagram Ads,18710,526,2305.54,710,4.38,1.3498,7.23,3.25
2024-02-29,Campaign5,Google Ads,17191,6162,8079.97,272,1.31,0.0441,4.72,29.71
2024-05-24,Campaign5,Twitter Ads,15038,2628,3836.98,301,1.46,0.1145,6.93,12.75
2024-03-29,Campaign2,Facebook Ads,14064,1648,8182.8,125,4.97,0.0758,3.37,65.46
2024-01-27,Campaign5,Twitter Ads,80970,8192,9903.21,148,1.21,0.0181,5.65,66.91
2024-02-22,Campaign3,Twitter Ads,52007,9997,6342.89,115,0.63,0.0115,6.66,55.16
2024-02-19,Campaign4,Instagram Ads,91255,7347,5120.96,989,0.7,0.1346,4.72,5.18
2024-02-26,Campaign2,LinkedIn Ads,93991,8023,1606.09,867,0.2,0.1081,5.73,1.85
2024-04-21,Campaign4,Instagram Ads,23319,9069,4517.44,167,0.5,0.0184,3.8,27.05
2024-02-10,Campaign1,Facebook Ads,99151,9503,1727.72,614,0.18,0.0646,1.65,2.81
2024-02-03,Campaign4,Google Ads,77207,6124,9287.76,494,1.52,0.0807,7.01,18.8
2024-01-08,Campaign1,Twitter Ads,94839,5187,3984.81,98,0.77,0.0189,4.43,40.66
