date,platform,source,sales,revenue,conversion_rate,aov,cart_abandonment_rate,clv,referral_traffic
2024-02-26,Instagram,Facebook,137.46,4210.42,0.22,30.63,0.39,41257.72,1953
2024-05-09,Twitter,Email,66.78,1552.33,0.08,23.25,0.4,13954.57,3514
2024-02-29,Facebook,Direct,247.82,11275.27,0.29,45.5,0.37,56161.81,6685
2024-05-15,Facebook,Organic Search,256.43,25165.62,0.19,98.14,0.23,203678.8,5946
2024-01-19,Facebook,Instagram,79.71,248.78,0.26,3.12,0.26,1731.65,2109
2024-03-07,LinkedIn,Email,88.88,1996.5,0.16,22.46,0.33,5899.53,1505
2024-03-27,Twitter,Instagram,285.06,14471.52,0.29,50.77,0.56,47518.61,3102
2024-05-03,Instagram,Facebook,305.32,29478.26,0.08,96.55,0.34,54014.81,662
2024-04-23,Pinterest,Direct,20.28,1450.86,0.24,71.54,0.42,9956.62,9612
2024-05-24,Facebook,LinkedIn,76.19,7122.13,0.16,93.48,0.33,41368.41,7864
2024-04-18,Twitter,Facebook,131.69,7222.95,0.17,54.85,0.14,32022.76,9415
2024-01-07,Instagram,Twitter,400.82,6274.67,0.27,15.65,0.28,47175.34,4081
2024-02-11,Pinterest,Referral,373.51,17395.98,0.13,46.57,0.36,51859.67,3284
2024-03-11,Twitter,Facebook,196.6,17296.0,0.12,87.98,0.45,50314.07,4372
2024-03-15,Twitter,Organic Search,238.34,13552.53,0.18,56.86,0.13,135425.66,2629
2024-05-07,LinkedIn,Pinterest,360.48,33419.09,0.26,92.71,0.56,159067.87,843
2024-03-13,Twitter,Twitter,157.27,2810.89,0.2,17.87,0.49,5501.0,7533
2024-02-25,Instagram,Referral,144.61,7054.4,0.3,48.78,0.29,13777.21,6249
2024-02-13,Facebook,Instagram,161.18,8239.2,0.09,51.12,0.26,74649.02,1710
2024-01-14,Pinterest,Direct,465.64,1735.14,0.08,3.73,0.4,3199.12,5020
2024-03-04,Twitter,Facebook,291.63,18616.07,0.04,63.83,0.58,90803.58,8848
2024-05-20,Twitter,LinkedIn,445.35,21796.64,0.02,48.94,0.56,157549.35,5522
2024-04-02,Facebook,LinkedIn,372.12,10122.1,0.22,27.2,0.5,50050.17,2215
2024-03-31,Instagram,Pinterest,190.15,5543.34,0.09,29.15,0.18,18718.2,8599
2024-01-25,LinkedIn,Referral,160.47,14176.32,0.18,88.34,0.51,40331.0,8704
2024-02-23,LinkedIn,Facebook,69.35,3000.01,0.04,43.26,0.24,28188.57,6518
2024-02-02,Pinterest,Direct,226.87,12675.32,0.02,55.87,0.62,30367.21,3513
2024-01-12,Instagram,Twitter,286.1,4046.7,0.18,14.14,0.48,5825.93,2261
2024-03-05,Instagram,Referral,40.51,1153.76,0.15,28.48,0.21,10388.38,6167
2024-05-04,Twitter,Referral,215.38,2702.86,0.08,12.55,0.12,8918.89,6030
2024-02-27,Instagram,Email,403.41,29254.84,0.15,72.52,0.49,290639.38,889
2024-04-07,LinkedIn,Twitter,145.87,9282.82,0.16,63.64,0.21,76493.88,932
2024-02-17,Facebook,Organic Search,403.99,14172.76,0.04,35.08,0.52,56676.57,5090
2024-01-02,Pinterest,Referral,344.04,3202.06,0.18,9.31,0.11,16953.84,1675
2024-01-25,LinkedIn,Twitter,487.92,1557.67,0.26,3.19,0.51,13705.43,5871
2024-04-09,Instagram,Email,94.18,9255.02,0.28,98.27,0.47,25840.31,8789
2024-03-06,Instagram,Pinterest,41.83,1719.56,0.13,41.11,0.52,4618.22,2450
2024-02-05,Twitter,Pinterest,236.88,15029.5,0.2,63.45,0.18,122402.66,2285
2024-02-21,Facebook,Pinterest,417.54,14657.84,0.01,35.11,0.36,37211.79,8722
2024-01-16,Twitter,Organic Search,48.61,4047.86,0.09,83.27,0.14,30207.76,8018
2024-01-10,Facebook,LinkedIn,317.84,11016.64,0.1,34.66,0.2,36569.97,3131
2024-02-27,Pinterest,Referral,429.06,3671.43,0.15,8.56,0.2,7496.54,3533
2024-01-03,Pinterest,Instagram,454.74,9365.55,0.22,20.6,0.37,75038.3,642
2024-04-26,Instagram,Email,349.08,1798.59,0.09,5.15,0.54,11053.93,3523
2024-02-04,Facebook,LinkedIn,465.6,26547.11,0.16,57.02,0.69,159899.28,7791
2024-04-02,Twitter,LinkedIn,182.35,7053.46,0.19,38.68,0.52,59591.93,6154
2024-02-16,Facebook,LinkedIn,142.51,12796.98,0.18,89.8,0.49,61480.63,6454
2024-02-22,LinkedIn,Direct,66.47,3201.61,0.13,48.17,0.61,21921.88,6250
2024-04-23,Pinterest,LinkedIn,364.67,28085.73,0.08,77.02,0.5,175696.87,6876
2024-03-28,Twitter,Twitter,62.26,1327.5,0.11,21.32,0.47,6035.81,5203
2024-04-30,Pinterest,Instagram,21.07,1469.09,0.18,69.72,0.4,5530.15,3862
2024-04-21,Instagram,Email,397.93,8454.12,0.1,21.25,0.44,9267.36,5802
2024-05-25,Twitter,Facebook,53.31,4002.96,0.13,75.09,0.34,21764.5,4858
2024-02-12,LinkedIn,Instagram,292.75,19026.02,0.1,64.99,0.54,186839.77,8208
2024-01-24,Pinterest,Email,136.59,11966.66,0.13,87.61,0.66,72525.1,9457
2024-01-09,Instagram,Email,249.16,6846.06,0.26,27.48,0.5,25709.91,8016
2024-01-27,Twitter,Pinterest,410.99,16243.97,0.14,39.52,0.55,132985.84,6137
2024-04-07,Instagram,Pinterest,265.96,12342.01,0.05,46.41,0.55,26148.7,3599
2024-01-24,Pinterest,Twitter,21.01,1659.5,0.21,78.99,0.51,13045.48,7676
2024-01-29,LinkedIn,Organic Search,217.78,2163.9,0.26,9.94,0.68,10221.55,7593
2024-04-06,LinkedIn,Organic Search,308.83,22431.35,0.26,72.63,0.27,150570.21,9621
2024-01-07,Twitter,Pinterest,187.46,2995.59,0.16,15.98,0.63,10262.06,2569
2024-01-13,Pinterest,Organic Search,195.2,13322.07,0.25,68.25,0.48,19192.06,491
2024-02-23,Instagram,LinkedIn,288.11,15696.22,0.23,54.48,0.17,53814.45,7884
2024-03-12,Facebook,Email,396.72,22006.47,0.13,55.47,0.59,59980.22,8106
2024-02-29,Twitter,Organic Search,423.53,23289.89,0.3,54.99,0.17,32410.68,7431
2024-02-23,Facebook,Referral,491.42,3860.82,0.03,7.86,0.47,13540.9,7709
2024-04-10,Pinterest,Referral,324.98,13446.12,0.24,41.38,0.22,16121.27,6584
2024-05-06,Twitter,Email,454.45,28442.38,0.19,62.59,0.69,89387.86,1280
2024-04-01,Pinterest,Twitter,135.24,4427.58,0.3,32.74,0.27,19571.51,6769
2024-05-18,Instagram,Instagram,277.11,15093.28,0.16,54.47,0.49,81423.11,7350
2024-02-19,LinkedIn,Facebook,236.44,15726.0,0.04,66.51,0.4,145993.34,9807
2024-04-23,Instagram,Email,312.43,26439.16,0.16,84.62,0.26,104339.04,4106
2024-01-21,LinkedIn,Pinterest,51.8,4866.48,0.23,93.95,0.17,46109.56,9461
2024-02-28,LinkedIn,Email,409.81,14727.05,0.03,35.94,0.65,97139.28,6401
2024-01-13,Instagram,Facebook,326.43,8977.52,0.29,27.5,0.7,80236.03,3106
2024-04-25,Facebook,Instagram,408.53,4520.73,0.29,11.07,0.5,10754.53,4233
2024-02-18,LinkedIn,Referral,443.88,22787.91,0.27,51.34,0.57,201412.3,742
2024-04-18,LinkedIn,LinkedIn,320.86,2811.39,0.21,8.76,0.49,3748.49,5794
2024-02-25,LinkedIn,Twitter,283.92,9418.58,0.17,33.17,0.2,73034.29,1438
2024-04-21,Twitter,Organic Search,443.02,12385.76,0.08,27.96,0.4,69313.54,2214
2024-05-08,Facebook,Organic Search,292.0,11562.67,0.11,39.6,0.36,40945.01,4307
2024-05-21,LinkedIn,Instagram,286.29,1233.15,0.21,4.31,0.33,5073.26,9943
2024-01-30,Twitter,Twitter,339.49,23305.99,0.26,68.65,0.49,59905.42,9687
2024-03-23,LinkedIn,Pinterest,366.75,10776.24,0.08,29.38,0.49,58472.29,594
2024-04-14,Facebook,Instagram,290.14,18927.7,0.06,65.24,0.41,74617.03,4395
2024-05-12,Pinterest,Twitter,453.8,44934.78,0.13,99.02,0.17,368633.3,4061
2024-03-15,Instagram,Twitter,215.44,14642.97,0.24,67.97,0.62,19491.42,5019
2024-03-10,Pinterest,Email,181.45,8846.39,0.25,48.75,0.4,67730.79,7156
2024-02-05,Pinterest,Referral,165.22,952.0,0.26,5.76,0.17,1263.9,4424
2024-02-23,Instagram,LinkedIn,94.83,4679.64,0.28,49.35,0.13,14432.72,2364
2024-05-17,Facebook,Referral,22.59,289.38,0.24,12.81,0.55,1372.4,4841
2024-04-02,Pinterest,Twitter,198.55,3549.64,0.06,17.88,0.61,19013.94,4779
2024-04-14,Twitter,Twitter,465.5,15437.71,0.27,33.16,0.1,31994.37,5359
2024-03-16,Twitter,Direct,99.03,9813.12,0.07,99.09,0.45,84602.07,870
2024-02-25,Facebook,Organic Search,177.88,4324.33,0.02,24.31,0.36,9082.78,6452
2024-01-05,Instagram,Email,263.27,12682.05,0.09,48.17,0.37,74031.39,3454
2024-02-27,Pinterest,Email,481.14,46359.45,0.28,96.35,0.65,448081.24,4071
2024-04-18,LinkedIn,Instagram,262.21,17951.9,0.14,68.46,0.59,133270.09,6174
2024-05-26,Pinterest,LinkedIn,75.71,1876.89,0.02,24.79,0.38,16349.04,2954
2024-02-05,Twitter,Instagram,197.76,5467.33,0.17,27.65,0.69,6214.76,5036
2024-03-04,Instagram,Pinterest,243.14,21157.89,0.04,87.02,0.44,171457.93,3063
2024-04-21,Pinterest,Email,495.9,11027.61,0.14,22.24,0.48,32128.29,8031
2024-02-25,Facebook,LinkedIn,288.98,14242.65,0.02,49.29,0.27,55456.27,5784
2024-05-23,LinkedIn,Referral,116.42,8477.65,0.03,72.82,0.18,70410.76,9121
2024-04-16,Facebook,Organic Search,328.93,32429.71,0.16,98.59,0.43,295772.17,7095
2024-04-25,Twitter,Direct,48.36,3323.75,0.05,68.73,0.6,7440.2,1868
2024-02-01,Pinterest,Instagram,239.57,17718.39,0.1,73.96,0.26,108839.39,7439
2024-01-27,Instagram,Facebook,406.54,17230.92,0.09,42.38,0.52,157399.49,5749
2024-01-04,Twitter,Instagram,255.32,22641.07,0.15,88.68,0.65,217583.1,7638
2024-02-28,Twitter,Email,186.18,8118.85,0.04,43.61,0.25,69463.68,7242
2024-02-11,Twitter,Twitter,127.83,1286.38,0.21,10.06,0.62,3233.01,507
2024-03-09,LinkedIn,Twitter,46.43,2866.59,0.18,61.74,0.55,10448.78,5875
2024-02-25,Twitter,Instagram,303.39,14622.44,0.1,48.2,0.11,64779.91,9004
2024-02-15,LinkedIn,Email,359.82,18838.08,0.06,52.35,0.52,49836.02,6975
2024-02-26,Twitter,Organic Search,240.1,19457.74,0.2,81.04,0.45,130036.14,5051
2024-02-24,Pinterest,Facebook,24.19,273.28,0.13,11.3,0.67,2646.73,3767
2024-05-20,Pinterest,Pinterest,195.21,11937.75,0.1,61.15,0.28,23854.41,1485
2024-04-03,Twitter,Twitter,452.66,44321.08,0.14,97.91,0.45,58812.88,9327
2024-04-10,Facebook,Email,74.26,2533.9,0.3,34.12,0.69,5206.38,8988
2024-02-01,Instagram,Twitter,189.53,8413.7,0.16,44.39,0.7,53080.41,8872
2024-03-15,Pinterest,Email,348.44,9219.09,0.11,26.46,0.32,17928.99,6243
2024-05-02,LinkedIn,Organic Search,153.57,12358.12,0.19,80.47,0.36,21693.89,6884
2024-04-29,Twitter,Direct,325.27,18823.13,0.19,57.87,0.27,99117.98,1678
2024-01-20,LinkedIn,Instagram,271.35,6535.97,0.24,24.09,0.54,45205.83,6885
2024-05-05,Pinterest,Referral,170.21,8030.15,0.02,47.18,0.39,14251.99,7185
2024-03-04,Pinterest,Facebook,399.29,19111.36,0.27,47.86,0.64,115416.22,7389
2024-04-05,Twitter,Referral,205.51,16294.47,0.24,79.29,0.6,42522.95,9741
2024-04-17,Twitter,Twitter,312.67,1043.36,0.23,3.34,0.37,1877.61,9226
2024-01-20,LinkedIn,LinkedIn,282.42,27389.01,0.03,96.98,0.55,43877.95,5667
2024-01-31,Facebook,Email,290.6,9807.28,0.22,33.75,0.3,81074.58,3664
2024-01-28,Instagram,Instagram,28.91,180.7,0.25,6.25,0.66,1153.33,9337
2024-05-15,LinkedIn,Facebook,382.92,37508.72,0.05,97.95,0.18,337490.95,9823
2024-05-14,Twitter,Referral,149.99,7791.57,0.18,51.95,0.22,62979.76,1551
2024-01-22,Pinterest,Facebook,77.67,2419.78,0.08,31.15,0.6,12761.89,6595
2024-03-10,Facebook,Twitter,168.24,12369.35,0.3,73.52,0.55,113980.18,7547
2024-03-28,Pinterest,Organic Search,185.36,9478.88,0.09,51.14,0.25,41460.93,7119
2024-02-20,Instagram,Twitter,304.2,8736.87,0.08,28.72,0.26,47848.71,2147
2024-02-24,Twitter,Facebook,199.09,8854.15,0.19,44.47,0.69,82761.28,6047
2024-02-05,Twitter,Referral,400.07,23287.09,0.15,58.21,0.47,66541.45,2113
2024-02-25,Instagram,Organic Search,272.88,22621.44,0.15,82.9,0.17,194700.14,4065
2024-05-21,Twitter,Instagram,361.18,7602.16,0.16,21.05,0.3,25314.37,576
2024-04-04,Pinterest,Pinterest,53.37,3951.4,0.13,74.04,0.59,9041.81,3207
2024-03-01,Facebook,Instagram,369.37,10329.21,0.22,27.96,0.13,92464.19,2189
2024-01-08,LinkedIn,Referral,330.49,10807.39,0.3,32.7,0.5,30644.68,1667
2024-05-24,Pinterest,Email,416.45,23099.32,0.01,55.47,0.59,104932.38,3469
2024-03-07,LinkedIn,LinkedIn,351.26,27861.94,0.25,79.32,0.11,131485.11,1795
2024-04-06,Pinterest,Direct,198.34,5099.04,0.28,25.71,0.37,23477.26,8249
2024-01-19,LinkedIn,Email,233.58,5826.49,0.13,24.94,0.16,38232.49,5360
2024-05-05,LinkedIn,Twitter,110.28,2382.31,0.23,21.6,0.11,6750.54,448
2024-03-18,Pinterest,Direct,451.7,21378.49,0.08,47.33,0.51,159899.9,5307
2024-03-03,Instagram,Pinterest,420.59,14467.64,0.18,34.4,0.43,27530.94,2057
2024-04-10,LinkedIn,Facebook,101.77,6526.64,0.29,64.13,0.21,21788.24,130
2024-05-22,Twitter,Pinterest,311.81,6944.7,0.16,22.27,0.29,18553.58,8705
2024-03-02,Facebook,Direct,344.64,17678.38,0.11,51.3,0.65,70404.99,2282
2024-04-27,LinkedIn,Email,462.1,32941.21,0.11,71.29,0.39,201718.17,4794
2024-05-19,Instagram,LinkedIn,271.81,21369.71,0.07,78.62,0.56,119095.43,4558
2024-05-04,Twitter,Email,486.55,44599.89,0.09,91.67,0.33,160400.0,9861
2024-04-19,Instagram,Twitter,391.13,29443.89,0.24,75.28,0.16,130258.01,6499
2024-04-19,Pinterest,LinkedIn,314.3,4654.83,0.3,14.81,0.51,6467.32,4661
2024-02-11,LinkedIn,Instagram,306.59,14976.11,0.08,48.85,0.16,98992.39,2933
2024-02-11,Instagram,Facebook,50.52,1936.91,0.04,38.34,0.25,11378.82,3297
2024-03-29,LinkedIn,LinkedIn,119.21,5966.75,0.15,50.05,0.36,12936.72,5012
2024-05-06,Pinterest,Facebook,124.0,10837.22,0.08,87.4,0.28,17952.37,8963
2024-01-25,Instagram,Email,268.26,18848.88,0.21,70.26,0.37,84184.08,6338
2024-03-12,Facebook,LinkedIn,315.92,15335.21,0.29,48.54,0.69,109103.98,9854
2024-05-03,Pinterest,LinkedIn,419.16,26088.67,0.16,62.24,0.53,46105.33,8476
2024-05-12,LinkedIn,Facebook,77.29,2187.42,0.1,28.3,0.34,8861.1,5629
2024-01-07,Instagram,Facebook,133.79,7249.35,0.23,54.18,0.11,66247.12,7151
2024-05-17,Facebook,Instagram,370.94,20148.23,0.26,54.32,0.69,46901.61,9653
2024-05-06,Instagram,LinkedIn,333.21,27410.02,0.2,82.26,0.14,139515.46,7640
2024-02-29,Pinterest,Facebook,391.83,32354.18,0.18,82.57,0.44,133445.51,8087
2024-01-02,Twitter,Instagram,483.48,10516.79,0.04,21.75,0.15,14755.15,1898
2024-02-04,Facebook,Facebook,397.32,8137.48,0.03,20.48,0.37,33592.43,4681
2024-03-29,Twitter,Pinterest,334.85,29827.04,0.02,89.08,0.64,173371.25,2810
2024-01-18,Instagram,Facebook,156.36,3236.25,0.26,20.7,0.38,28762.13,9239
2024-04-08,Twitter,Direct,441.04,21147.81,0.28,47.95,0.65,194177.57,5430
2024-02-29,Facebook,Pinterest,50.52,2557.17,0.1,50.62,0.31,25360.72,8917
2024-04-12,Twitter,Organic Search,195.48,17230.52,0.11,88.14,0.22,60006.34,1679
2024-05-15,Twitter,Pinterest,189.84,5321.36,0.12,28.03,0.22,8757.21,8398
2024-01-13,Pinterest,Pinterest,111.81,6893.29,0.03,61.65,0.53,13335.42,4541
2024-01-03,LinkedIn,Referral,480.88,29633.62,0.26,61.62,0.26,145759.17,3627
2024-02-26,Pinterest,Referral,439.7,36785.1,0.2,83.66,0.52,111496.96,4944
2024-02-03,Twitter,Facebook,68.34,3372.34,0.03,49.35,0.61,13911.65,6057
2024-04-23,LinkedIn,Pinterest,31.09,1503.29,0.28,48.35,0.12,12324.22,9334
2024-03-18,LinkedIn,Referral,21.38,1973.53,0.24,92.31,0.26,17324.24,6352
2024-05-05,Pinterest,Organic Search,430.8,28823.15,0.29,66.91,0.62,65938.81,8758
2024-03-19,Instagram,Twitter,208.83,5926.99,0.06,28.38,0.19,12699.05,5427
2024-02-27,Facebook,Facebook,491.64,36755.15,0.04,74.76,0.37,346050.32,348
2024-02-25,Twitter,Pinterest,249.46,21459.99,0.27,86.03,0.21,143951.16,6898
2024-03-13,Pinterest,Organic Search,27.89,2057.25,0.1,73.76,0.52,6903.87,5126
2024-03-06,Facebook,Direct,157.17,9587.23,0.09,61.0,0.4,61808.55,1049
2024-03-21,Pinterest,Referral,429.38,26337.33,0.13,61.34,0.56,111498.87,1483
2024-03-09,Twitter,Referral,297.7,24921.89,0.18,83.71,0.57,136289.02,4410
2024-02-12,Pinterest,Pinterest,37.06,1359.72,0.13,36.69,0.48,11652.28,614
2024-01-23,Pinterest,Email,65.59,1060.65,0.24,16.17,0.21,2205.62,7027
2024-04-21,Facebook,Instagram,249.58,23061.55,0.01,92.4,0.11,114723.8,8709
2024-02-09,Pinterest,Direct,42.74,955.71,0.15,22.36,0.57,4150.42,1322
2024-04-14,Facebook,Pinterest,411.03,3907.0,0.04,9.51,0.47,23733.6,6288
2024-03-23,Pinterest,Pinterest,79.61,238.84,0.12,3.0,0.25,1795.41,7563
2024-02-14,Twitter,Organic Search,323.1,21701.31,0.28,67.17,0.21,47987.65,8707
2024-03-28,Twitter,Organic Search,412.18,16976.01,0.25,41.19,0.22,103697.04,7083
2024-02-10,Pinterest,Twitter,41.34,2608.19,0.16,63.09,0.69,24215.78,8282
2024-02-24,LinkedIn,Email,426.27,25641.56,0.18,60.15,0.28,148136.17,1518
2024-01-06,Instagram,Organic Search,84.96,1476.03,0.15,17.37,0.62,11703.43,2959
2024-05-09,LinkedIn,Facebook,100.04,192.49,0.28,1.92,0.37,1028.92,9893
2024-01-29,Facebook,Direct,243.74,14035.98,0.14,57.59,0.57,59578.51,1912
2024-02-10,Instagram,Email,239.58,20770.42,0.21,86.7,0.26,153925.14,9909
2024-01-20,Facebook,Facebook,468.76,17635.15,0.04,37.62,0.55,154377.8,9558
2024-03-25,Pinterest,Twitter,360.58,5095.12,0.26,14.13,0.48,9496.4,1134
2024-05-02,Facebook,Organic Search,477.09,13039.57,0.1,27.33,0.34,18091.06,814
2024-01-06,Instagram,Pinterest,182.6,16515.01,0.28,90.44,0.51,135685.28,5080
2024-02-20,Instagram,Pinterest,298.05,27295.71,0.07,91.58,0.26,57312.42,9727
2024-03-10,Instagram,Facebook,196.48,6777.41,0.02,34.49,0.22,20872.02,6796
2024-01-13,Instagram,Instagram,325.87,3455.09,0.22,10.6,0.5,31098.09,4996
2024-01-10,Twitter,Twitter,27.85,683.67,0.13,24.55,0.65,6413.67,9690
2024-01-21,Facebook,Referral,106.55,6082.77,0.12,57.09,0.66,31675.21,9665
2024-02-16,Instagram,Email,262.68,1057.96,0.2,4.03,0.56,7386.5,1519
2024-04-23,Facebook,Pinterest,160.6,13465.28,0.25,83.84,0.42,99068.53,6081
2024-01-09,Twitter,Instagram,496.25,37415.24,0.1,75.4,0.55,216138.11,6092
2024-01-10,Facebook,Organic Search,125.84,5788.1,0.09,46.0,0.24,43914.21,2901
2024-05-06,Pinterest,Twitter,319.49,24597.66,0.05,76.99,0.23,90928.56,270
2024-04-05,LinkedIn,Direct,87.64,6020.95,0.06,68.7,0.2,16432.95,415
2024-03-07,Facebook,Referral,380.22,20089.98,0.25,52.84,0.11,119986.54,4324
2024-04-15,Pinterest,Referral,260.69,1384.91,0.07,5.31,0.12,10673.15,2803
2024-02-07,LinkedIn,Instagram,466.57,46393.79,0.28,99.44,0.33,265827.97,8901
2024-05-15,Facebook,Instagram,103.95,2338.32,0.2,22.49,0.29,14037.06,5544
2024-02-17,Twitter,Facebook,350.93,24366.56,0.3,69.43,0.33,88809.35,4555
2024-05-19,Instagram,LinkedIn,438.43,38911.5,0.04,88.75,0.17,324422.59,7603
2024-04-22,LinkedIn,LinkedIn,83.79,542.28,0.08,6.47,0.28,3195.64,1251
2024-02-01,Twitter,Direct,196.11,13051.83,0.3,66.55,0.1,38402.18,7079
2024-04-19,Twitter,Instagram,230.66,16810.68,0.26,72.88,0.68,142812.98,8615
2024-03-08,Facebook,Pinterest,111.18,7628.29,0.25,68.61,0.14,66789.09,977
2024-01-02,Facebook,LinkedIn,360.25,30888.36,0.15,85.74,0.57,253697.24,8893
2024-03-31,Instagram,LinkedIn,167.28,7357.69,0.14,43.98,0.21,28874.31,4872
2024-05-22,Twitter,Referral,379.08,8144.88,0.1,21.49,0.27,16602.74,2985
2024-01-09,Pinterest,Pinterest,329.91,32724.32,0.16,99.19,0.29,205497.19,5517
2024-02-06,Facebook,Twitter,123.1,4571.61,0.08,37.14,0.41,30225.52,5236
2024-01-22,Twitter,Twitter,174.89,15268.44,0.28,87.3,0.37,32452.86,4132
2024-03-23,Pinterest,Instagram,127.23,6306.11,0.02,49.56,0.47,19178.47,7317
2024-04-29,Facebook,Organic Search,365.21,32949.96,0.03,90.22,0.34,87803.44,6870
2024-03-14,Pinterest,Instagram,241.35,18195.35,0.01,75.39,0.63,126027.0,4546
2024-05-21,Pinterest,Pinterest,257.64,5867.0,0.09,22.77,0.69,8850.17,503
2024-04-27,Facebook,Instagram,368.64,16400.92,0.07,44.49,0.42,65680.7,5799
2024-03-22,LinkedIn,Pinterest,257.96,17202.77,0.18,66.69,0.59,44055.94,7848
2024-05-18,Instagram,Email,491.35,14634.33,0.27,29.78,0.19,106039.97,8971
2024-05-03,Twitter,Pinterest,146.65,5928.89,0.15,40.43,0.56,11648.4,4430
2024-01-17,Twitter,Email,383.56,32378.84,0.21,84.42,0.48,36328.8,6291
2024-02-06,LinkedIn,Twitter,150.04,13238.97,0.13,88.24,0.35,30486.5,6189
2024-01-24,Twitter,LinkedIn,259.68,19666.68,0.05,75.73,0.13,161751.68,9387
2024-03-23,Facebook,LinkedIn,309.52,3374.92,0.09,10.9,0.16,27018.48,4833
2024-04-09,Pinterest,Facebook,79.91,6632.89,0.27,83.0,0.25,43485.31,6940
2024-02-20,Facebook,Direct,484.69,48070.59,0.04,99.18,0.39,303217.9,4552
2024-03-15,Pinterest,Facebook,328.53,10514.68,0.14,32.01,0.21,30199.48,3411
2024-01-05,Pinterest,Facebook,356.1,9203.72,0.24,25.85,0.35,69054.61,2265
2024-01-03,Twitter,Email,401.8,30639.59,0.24,76.26,0.34,71856.84,1169
2024-03-01,LinkedIn,Organic Search,192.1,1392.16,0.09,7.25,0.31,8861.89,7493
2024-04-10,Facebook,LinkedIn,495.98,38914.0,0.08,78.46,0.39,45383.73,9353
2024-01-24,Twitter,Referral,332.42,21191.84,0.04,63.75,0.68,132745.19,1953
2024-01-17,Facebook,LinkedIn,133.57,12946.74,0.02,96.93,0.12,110880.85,1491
2024-04-10,Pinterest,LinkedIn,438.68,12011.4,0.26,27.38,0.29,94122.19,3677
2024-01-02,Pinterest,Direct,342.3,13597.63,0.1,39.72,0.42,80959.6,8069
2024-04-14,LinkedIn,Direct,103.22,4218.06,0.19,40.86,0.2,25008.84,4652
2024-02-01,LinkedIn,Facebook,71.79,4342.55,0.02,60.49,0.26,17040.23,2615
2024-04-14,LinkedIn,Email,441.37,13908.91,0.29,31.51,0.33,90562.54,650
2024-04-27,Facebook,Email,456.75,14406.65,0.26,31.54,0.26,101841.42,3880
2024-04-12,LinkedIn,Instagram,281.78,11279.03,0.28,40.03,0.33,59453.91,816
2024-02-26,Instagram,Direct,72.48,291.88,0.2,4.03,0.2,1037.73,1548
2024-02-04,LinkedIn,Facebook,320.83,16074.61,0.26,50.1,0.64,42646.58,1216
2024-01-11,Twitter,LinkedIn,270.15,8637.4,0.22,31.97,0.21,82843.22,5001
2024-04-18,Twitter,LinkedIn,376.18,4706.21,0.26,12.51,0.64,11536.26,2382
2024-03-10,LinkedIn,LinkedIn,417.86,11842.4,0.04,28.34,0.17,19694.63,5616
2024-02-06,Twitter,Direct,447.98,5628.76,0.09,12.56,0.47,20751.26,2188
2024-03-14,LinkedIn,Referral,237.02,21563.58,0.15,90.98,0.51,61903.28,7686
2024-03-26,Instagram,Referral,298.77,3633.7,0.18,12.16,0.51,36292.1,3742
2024-04-15,Pinterest,Pinterest,25.11,1428.86,0.21,56.9,0.57,12013.72,3247
2024-05-16,Twitter,Instagram,223.96,5497.82,0.27,24.55,0.21,22872.86,2218
2024-04-23,Pinterest,Facebook,382.34,14344.62,0.05,37.52,0.54,42044.36,2427
2024-01-31,Instagram,Referral,32.01,422.55,0.09,13.2,0.68,2968.75,6655
2024-03-31,Facebook,Referral,104.45,5618.92,0.25,53.8,0.32,34093.92,3516
2024-03-07,Facebook,LinkedIn,360.43,25798.31,0.26,71.58,0.45,106221.27,3546
2024-04-06,Pinterest,Referral,283.85,9431.35,0.06,33.23,0.63,58118.58,1509
2024-03-11,Twitter,Organic Search,330.6,5703.2,0.19,17.25,0.47,43046.24,2238
2024-05-02,Facebook,Twitter,277.87,25272.93,0.26,90.95,0.58,86064.3,9145
2024-04-09,LinkedIn,Instagram,470.04,32346.64,0.15,68.82,0.28,64817.52,8385
2024-01-31,Instagram,LinkedIn,433.39,10251.21,0.1,23.65,0.18,42062.02,1593
2024-02-20,Instagram,Organic Search,275.61,12998.1,0.1,47.16,0.55,103958.64,8563
2024-04-26,Pinterest,LinkedIn,373.18,12547.41,0.05,33.62,0.27,91113.31,6478
2024-02-01,Pinterest,LinkedIn,87.09,3615.01,0.24,41.51,0.36,25759.31,9220
2024-05-23,Pinterest,Referral,425.66,22143.5,0.3,52.02,0.46,191371.92,2674
2024-05-26,Twitter,Twitter,181.05,4087.54,0.04,22.58,0.67,26368.88,9338
2024-02-25,Pinterest,Pinterest,493.55,45521.91,0.2,92.23,0.64,174321.97,1769
2024-04-28,Twitter,Referral,177.76,3779.94,0.24,21.26,0.44,26345.01,1507
2024-03-22,Twitter,Pinterest,411.46,19961.45,0.04,48.51,0.35,164853.82,1663
2024-04-21,Instagram,Pinterest,495.73,23829.61,0.15,48.07,0.5,185381.06,5974
2024-01-20,Facebook,Referral,364.55,24406.88,0.27,66.95,0.24,75735.32,9369
2024-05-18,Instagram,Pinterest,115.18,11356.13,0.22,98.59,0.4,108806.58,2341
2024-05-17,Pinterest,Email,71.54,4839.9,0.24,67.65,0.15,46493.27,7764
2024-04-13,Pinterest,Organic Search,334.56,5852.9,0.22,17.49,0.15,34132.04,6923
2024-05-20,Pinterest,Pinterest,63.5,5094.16,0.22,80.22,0.27,45948.58,7861
2024-03-15,Facebook,Email,51.98,3568.14,0.19,68.64,0.35,30971.37,421
2024-03-19,Twitter,Direct,155.35,231.06,0.03,1.49,0.67,232.1,893
2024-03-06,Instagram,Direct,129.48,5753.69,0.22,44.44,0.41,47620.07,428
2024-03-05,Twitter,LinkedIn,112.77,10939.26,0.25,97.01,0.38,61468.25,6560
2024-05-10,LinkedIn,Instagram,87.53,7597.83,0.22,86.8,0.4,51226.45,2823
2024-02-06,Pinterest,Email,385.53,13181.44,0.1,34.19,0.62,25663.16,9517
2024-03-15,Instagram,Referral,401.79,30373.67,0.3,75.6,0.64,159857.84,6334
2024-02-25,LinkedIn,Email,280.91,25186.77,0.2,89.66,0.24,55732.8,4421
2024-03-10,LinkedIn,Instagram,310.53,13968.07,0.08,44.98,0.29,103004.27,4601
2024-03-03,Twitter,Pinterest,299.19,6668.96,0.19,22.29,0.16,56654.04,9299
2024-03-04,LinkedIn,Direct,146.94,12579.39,0.29,85.61,0.57,113769.2,7097
2024-04-24,LinkedIn,Direct,474.23,2821.44,0.27,5.95,0.21,16294.07,8994
2024-01-12,Pinterest,Pinterest,253.26,14961.51,0.05,59.08,0.45,34882.51,8797
2024-01-02,LinkedIn,Twitter,299.09,6305.6,0.24,21.08,0.32,48654.46,919
2024-02-04,Pinterest,Twitter,299.18,2413.5,0.27,8.07,0.19,15575.92,9397
2024-02-24,Facebook,Pinterest,230.29,16409.54,0.29,71.26,0.35,20608.92,7243
2024-04-13,Twitter,LinkedIn,288.14,23988.37,0.16,83.25,0.55,47045.2,1944
2024-04-26,Facebook,Email,487.63,43200.74,0.23,88.59,0.34,147742.4,7740
2024-05-02,Facebook,Organic Search,378.18,2703.27,0.22,7.15,0.55,5329.31,4457
2024-04-09,Twitter,LinkedIn,21.66,1176.69,0.06,54.33,0.55,2439.85,4154
2024-05-05,Facebook,Facebook,154.09,3320.38,0.12,21.55,0.15,7110.08,9700
2024-02-10,Twitter,Direct,201.39,6939.58,0.2,34.46,0.21,11072.54,7665
2024-02-21,LinkedIn,Twitter,323.15,23469.26,0.13,72.63,0.57,25838.74,1515
2024-03-21,Instagram,LinkedIn,346.1,25244.35,0.24,72.94,0.38,174924.61,959
2024-05-18,LinkedIn,Facebook,405.31,25281.68,0.17,62.38,0.23,169472.44,3188
2024-02-27,LinkedIn,Pinterest,360.57,23639.79,0.08,65.56,0.23,152025.78,2211
2024-02-03,Pinterest,Organic Search,108.83,5345.89,0.25,49.12,0.41,48756.75,9991
2024-05-26,Pinterest,Organic Search,20.9,1428.16,0.3,68.33,0.2,9457.72,3081
2024-05-05,Instagram,Direct,428.36,40803.59,0.06,95.26,0.43,242864.09,144
2024-03-25,Pinterest,LinkedIn,309.92,12260.43,0.24,39.56,0.51,73980.8,7663
2024-04-20,Pinterest,Email,281.58,9174.43,0.12,32.58,0.1,28692.98,9510
2024-05-25,Facebook,Pinterest,45.95,3041.96,0.01,66.2,0.24,29985.48,7951
2024-04-01,LinkedIn,Direct,487.41,37231.47,0.24,76.39,0.56,341603.41,5356
2024-05-25,Instagram,Instagram,317.33,26930.04,0.15,84.86,0.2,227104.81,9771
2024-02-23,LinkedIn,Referral,397.61,18516.32,0.14,46.57,0.18,137870.34,4907
2024-02-04,LinkedIn,Referral,413.78,6600.81,0.29,15.95,0.41,41642.02,1503
2024-02-17,Twitter,Pinterest,218.71,19733.46,0.1,90.23,0.28,178785.45,4358
2024-02-24,Instagram,Instagram,412.96,27102.0,0.29,65.63,0.43,217587.78,2167
2024-01-25,Twitter,Twitter,145.01,5929.2,0.04,40.89,0.68,25982.86,414
2024-04-30,LinkedIn,Organic Search,342.53,14788.27,0.26,43.17,0.3,67954.44,3865
2024-01-26,Twitter,Referral,98.33,9458.15,0.27,96.19,0.55,39229.74,2213
2024-01-12,LinkedIn,Twitter,289.19,21153.99,0.21,73.15,0.31,43675.65,3903
2024-02-17,LinkedIn,Twitter,286.86,1421.72,0.15,4.96,0.42,10568.29,4817
2024-01-16,Instagram,LinkedIn,48.05,86.8,0.05,1.81,0.23,563.18,8576
2024-04-09,LinkedIn,Email,276.63,17671.32,0.11,63.88,0.34,49420.97,4850
2024-05-06,Instagram,Twitter,473.59,19027.8,0.27,40.18,0.5,26077.5,7177
2024-02-26,Facebook,Pinterest,114.25,9512.01,0.23,83.26,0.53,78178.25,4683
2024-03-27,Pinterest,Twitter,119.54,11118.17,0.03,93.01,0.25,18706.67,5997
2024-02-19,Facebook,Email,472.09,36788.02,0.21,77.93,0.6,154469.43,4974
2024-05-10,Twitter,Pinterest,349.96,16579.35,0.26,47.37,0.13,26034.28,3188
2024-02-22,LinkedIn,Organic Search,195.15,10512.65,0.02,53.87,0.2,90789.36,2260
2024-02-22,Pinterest,LinkedIn,119.72,4225.32,0.13,35.29,0.5,5810.37,9241
2024-02-18,Facebook,Referral,385.99,730.63,0.18,1.89,0.68,3651.25,8142
2024-04-27,LinkedIn,Pinterest,104.07,7165.61,0.05,68.85,0.47,20074.7,1861
2024-04-08,Pinterest,LinkedIn,24.72,2250.71,0.08,91.05,0.38,10888.57,6079
2024-04-18,LinkedIn,Pinterest,264.58,11774.49,0.2,44.5,0.47,91963.24,8246
2024-02-28,Instagram,Referral,46.41,888.09,0.06,19.14,0.6,6713.11,2821
2024-04-16,Facebook,Organic Search,215.08,20383.33,0.3,94.77,0.27,101498.11,8551
2024-05-22,Twitter,Direct,157.24,4194.17,0.29,26.67,0.27,6720.61,1410
2024-03-15,Pinterest,LinkedIn,321.68,4415.3,0.06,13.73,0.55,20721.41,4211
2024-02-25,Instagram,Pinterest,322.76,31747.29,0.06,98.36,0.4,235796.64,4057
2024-05-13,Pinterest,Twitter,271.65,23654.33,0.12,87.08,0.6,181105.31,7153
2024-01-22,Pinterest,Facebook,184.08,17565.53,0.15,95.42,0.37,67049.36,1560
2024-02-01,Instagram,Pinterest,352.59,14068.6,0.29,39.9,0.67,114762.41,7105
2024-05-22,Facebook,Direct,88.66,7407.7,0.25,83.55,0.45,14566.75,5670
2024-03-11,Pinterest,LinkedIn,411.38,1710.87,0.07,4.16,0.42,5732.7,3392
2024-04-10,Pinterest,Email,469.9,37673.62,0.01,80.17,0.41,317114.55,2439
2024-05-13,Facebook,Email,270.93,15417.44,0.22,56.91,0.66,41019.99,1080
2024-03-08,Twitter,Twitter,396.17,14563.23,0.18,36.76,0.21,25095.49,2454
2024-05-20,Instagram,Referral,120.48,6542.99,0.14,54.31,0.13,27637.71,8367
2024-01-18,Twitter,Twitter,117.83,3096.1,0.25,26.28,0.43,17870.09,8791
2024-02-27,Instagram,Direct,286.57,1369.81,0.18,4.78,0.25,2982.23,9321
2024-02-22,LinkedIn,Twitter,111.37,1093.21,0.03,9.82,0.5,6083.39,9360
2024-01-19,Facebook,Referral,58.43,3006.26,0.12,51.45,0.27,28531.33,3696
2024-02-14,LinkedIn,Organic Search,137.93,8350.96,0.15,60.54,0.46,8583.76,8232
2024-02-29,Facebook,Organic Search,301.55,3264.91,0.26,10.83,0.37,14163.59,549
2024-03-02,Twitter,Direct,443.06,13368.76,0.11,30.17,0.27,82382.66,4546
2024-03-06,Pinterest,Facebook,305.91,12742.75,0.2,41.66,0.59,60413.48,564
2024-04-02,Pinterest,LinkedIn,311.37,10739.27,0.29,34.49,0.52,98362.82,4976
2024-02-03,LinkedIn,Email,417.85,27553.92,0.28,65.94,0.64,131608.58,3719
2024-02-06,Instagram,Direct,199.65,10636.12,0.07,53.27,0.11,39425.92,1700
2024-04-19,Instagram,Referral,372.53,18063.6,0.24,48.49,0.6,134868.27,2493
2024-01-23,Twitter,Twitter,126.73,2511.57,0.02,19.82,0.21,18921.47,6021
2024-02-20,Facebook,Instagram,132.26,1213.38,0.19,9.17,0.25,6944.96,7198
2024-02-11,Twitter,Organic Search,414.15,26040.23,0.12,62.88,0.31,211302.37,9036
2024-01-23,Twitter,Direct,421.86,36201.13,0.21,85.81,0.17,246758.87,7310
2024-02-17,Instagram,Pinterest,163.69,9540.48,0.17,58.28,0.34,28068.89,1578
2024-03-29,Instagram,Twitter,380.13,24028.54,0.02,63.21,0.34,224488.81,6074
2024-05-12,Twitter,Twitter,284.25,5746.1,0.18,20.21,0.16,21074.8,2703
2024-03-22,LinkedIn,Email,370.22,22228.36,0.08,60.04,0.56,53089.46,5927
2024-03-10,Facebook,Email,96.18,3793.4,0.07,39.44,0.12,12740.78,5249
2024-03-06,Instagram,Referral,327.14,28186.6,0.15,86.16,0.23,37563.25,5975
2024-05-01,Instagram,LinkedIn,351.45,25884.73,0.2,73.65,0.33,91887.41,6874
2024-03-29,Facebook,Email,303.9,24740.87,0.01,81.41,0.56,97683.9,9759
2024-01-08,Instagram,Referral,95.11,6816.05,0.26,71.66,0.44,43437.95,6774
2024-05-21,Facebook,Facebook,203.48,18528.64,0.19,91.06,0.38,141597.42,5701
2024-03-20,Twitter,LinkedIn,76.75,2730.94,0.24,35.58,0.14,18332.93,1917
2024-05-22,Pinterest,Facebook,28.78,1879.42,0.21,65.3,0.53,6268.13,2440
2024-03-01,Instagram,Referral,229.29,14655.06,0.23,63.91,0.52,87241.54,9073
2024-04-08,LinkedIn,Instagram,462.48,44222.92,0.13,95.62,0.67,348839.09,5892
2024-03-17,Instagram,Pinterest,453.94,10319.74,0.24,22.73,0.57,83108.43,5074
2024-05-06,LinkedIn,Direct,72.32,2513.49,0.2,34.76,0.12,22085.03,9784
2024-02-15,Instagram,LinkedIn,22.71,161.71,0.03,7.12,0.25,629.81,8545
2024-01-30,Instagram,LinkedIn,317.49,8985.48,0.15,28.3,0.36,39365.95,9977
2024-02-01,Facebook,Email,193.54,17346.76,0.24,89.63,0.33,76169.14,5102
2024-05-21,Instagram,Direct,364.54,35673.28,0.01,97.86,0.21,141338.8,781
2024-04-03,LinkedIn,Pinterest,316.41,22220.51,0.1,70.23,0.19,56911.38,8083
2024-02-27,Twitter,Facebook,156.93,7006.12,0.14,44.64,0.51,31286.87,7068
2024-04-05,LinkedIn,Direct,238.53,19831.86,0.02,83.14,0.53,102919.35,230
2024-05-11,LinkedIn,Facebook,325.8,32379.06,0.05,99.38,0.1,53389.05,5042
2024-03-07,Facebook,Organic Search,302.05,20204.32,0.12,66.89,0.6,146242.71,4786
2024-03-23,LinkedIn,Direct,284.59,22527.76,0.24,79.16,0.28,149878.63,870
2024-04-12,Facebook,Instagram,416.89,38190.72,0.04,91.61,0.37,370571.36,1571
2024-05-16,Pinterest,Instagram,41.28,516.23,0.02,12.51,0.4,1943.4,9746
2024-01-10,Facebook,LinkedIn,485.31,5495.47,0.23,11.32,0.67,23596.46,2808
2024-01-09,Pinterest,LinkedIn,257.09,21824.31,0.05,84.89,0.7,64779.19,6516
2024-04-01,Instagram,Instagram,303.9,7980.26,0.15,26.26,0.11,77573.69,1068
2024-02-05,Facebook,Organic Search,355.31,28457.93,0.09,80.09,0.57,137626.04,6111
2024-03-22,Twitter,Twitter,95.59,565.31,0.15,5.91,0.34,3090.72,9039
2024-05-03,Instagram,Organic Search,127.54,3685.65,0.27,28.9,0.59,3978.84,4237
2024-02-22,Pinterest,Facebook,327.72,963.19,0.17,2.94,0.35,7274.14,6437
2024-01-10,LinkedIn,Referral,312.34,22709.36,0.06,72.71,0.6,187378.1,8841
2024-05-07,LinkedIn,Email,490.42,700.13,0.15,1.43,0.38,943.02,6541
2024-05-21,Facebook,Email,417.58,33825.95,0.2,81.0,0.7,69461.72,4858
2024-02-27,Pinterest,Direct,251.25,906.76,0.06,3.61,0.55,6346.2,8068
2024-02-12,Facebook,Direct,379.06,25109.14,0.12,66.24,0.13,127211.89,5768
2024-04-04,LinkedIn,Direct,457.57,25666.46,0.03,56.09,0.15,114791.37,9117
2024-01-24,Facebook,Organic Search,317.1,3813.42,0.09,12.03,0.22,34807.54,518
2024-01-02,Pinterest,Email,308.07,384.78,0.27,1.25,0.24,3791.22,2761
2024-01-08,Pinterest,Pinterest,22.03,2112.39,0.07,95.89,0.58,11893.61,6720
2024-05-11,LinkedIn,Pinterest,242.99,20335.37,0.28,83.69,0.35,90060.84,5048
2024-04-17,Facebook,Direct,286.13,14594.66,0.09,51.01,0.15,76830.85,2416
2024-03-06,Instagram,Instagram,229.55,4685.19,0.12,20.41,0.4,18635.77,6921
2024-01-01,Facebook,Email,490.97,25165.75,0.03,51.26,0.44,102380.52,1618
2024-04-12,Facebook,Direct,391.52,35363.59,0.23,90.32,0.44,160294.33,1402
2024-01-05,Twitter,Organic Search,106.54,4122.95,0.06,38.7,0.63,17743.84,9631
2024-03-29,Instagram,Twitter,104.45,2472.12,0.15,23.67,0.19,16761.91,4971
2024-04-14,Facebook,Twitter,227.6,5914.06,0.18,25.98,0.3,28008.68,733
2024-02-28,Pinterest,LinkedIn,257.37,25036.0,0.24,97.28,0.58,166959.23,7241
2024-04-02,Twitter,Pinterest,269.61,651.12,0.01,2.42,0.61,5255.44,5263
2024-04-01,Instagram,Referral,160.71,1386.3,0.06,8.63,0.42,3854.94,1324
2024-03-17,Facebook,Email,200.69,7446.57,0.19,37.1,0.24,47281.56,9873
2024-01-22,Facebook,Referral,399.52,23997.72,0.16,60.07,0.43,165478.99,3548
2024-05-01,Instagram,Email,285.36,9304.16,0.25,32.6,0.58,47281.76,9793
2024-04-11,Instagram,Instagram,459.28,19554.48,0.13,42.58,0.7,184114.33,5398
2024-04-22,Pinterest,Twitter,126.37,217.91,0.06,1.72,0.13,1385.39,8413
2024-05-05,Facebook,Twitter,198.19,1043.65,0.14,5.27,0.69,8996.89,3166
2024-05-04,Pinterest,Pinterest,191.67,15379.78,0.26,80.24,0.34,48230.46,7110
2024-04-20,Instagram,Pinterest,163.8,7938.98,0.01,48.47,0.31,32741.2,6053
2024-04-04,Facebook,Pinterest,221.27,12502.65,0.22,56.5,0.57,85428.61,7845
2024-03-01,LinkedIn,Facebook,400.23,29713.65,0.12,74.24,0.16,248259.0,2864
2024-01-07,Facebook,Instagram,283.71,11563.56,0.29,40.76,0.12,98709.08,9360
2024-03-12,Facebook,Organic Search,361.46,34222.58,0.26,94.68,0.47,123676.67,8459
2024-02-05,Instagram,Referral,37.9,1465.59,0.15,38.67,0.45,11585.11,5159
2024-03-04,Pinterest,Organic Search,330.33,6814.9,0.14,20.63,0.68,10773.0,6941
2024-04-01,LinkedIn,Email,77.56,7229.71,0.14,93.21,0.2,13499.45,5383
2024-03-06,Facebook,Organic Search,402.86,20275.8,0.21,50.33,0.67,180744.11,724
2024-04-02,Pinterest,Organic Search,452.98,44305.78,0.29,97.81,0.35,103181.58,2232
2024-05-09,Facebook,LinkedIn,431.7,17266.95,0.09,40.0,0.15,69556.62,7455
2024-02-05,LinkedIn,Instagram,323.54,3445.27,0.21,10.65,0.24,18435.53,6634
2024-04-04,LinkedIn,LinkedIn,357.41,5099.24,0.08,14.27,0.51,48082.22,8488
2024-02-17,Facebook,Email,301.69,26350.57,0.06,87.34,0.51,82367.39,3017
2024-01-20,Instagram,Email,260.54,24891.94,0.18,95.54,0.25,59080.77,9382
2024-01-14,Instagram,Facebook,104.3,2666.96,0.14,25.57,0.45,8480.07,275
2024-02-01,Facebook,LinkedIn,499.63,43199.86,0.28,86.46,0.68,305420.59,2432
2024-03-12,Instagram,Facebook,140.65,4379.23,0.2,31.14,0.61,18465.16,2134
2024-04-21,LinkedIn,Email,493.37,28760.03,0.19,58.29,0.28,127218.34,3038
2024-04-09,LinkedIn,Pinterest,298.14,5843.68,0.22,19.6,0.65,26321.05,8221
2024-02-24,Instagram,Facebook,122.39,7913.79,0.11,64.66,0.66,50264.06,6647
2024-01-12,LinkedIn,Pinterest,182.59,11428.66,0.08,62.59,0.18,28315.97,6155
2024-03-12,Twitter,Facebook,423.61,4524.21,0.04,10.68,0.39,32183.8,3333
2024-02-01,Twitter,Organic Search,326.11,841.23,0.22,2.58,0.14,7035.9,5094
2024-04-24,Twitter,Twitter,120.87,7867.1,0.06,65.09,0.51,73174.85,8680
2024-05-24,Facebook,LinkedIn,36.44,1884.57,0.05,51.72,0.44,16728.01,9598
2024-04-17,Facebook,Referral,289.2,5578.86,0.15,19.29,0.34,50286.91,7983
2024-01-01,Instagram,Email,249.51,24849.91,0.04,99.59,0.12,39794.07,1985
2024-04-29,LinkedIn,Facebook,151.55,7695.05,0.23,50.78,0.4,14495.01,7292
2024-03-18,LinkedIn,Pinterest,215.68,10203.82,0.11,47.31,0.24,39402.61,9640
2024-02-09,Twitter,Direct,129.27,1594.13,0.08,12.33,0.15,3860.21,6340
2024-03-23,Instagram,Instagram,108.37,10026.29,0.15,92.52,0.47,68134.58,9514
2024-02-07,Twitter,Direct,70.76,3864.92,0.22,54.62,0.54,38216.94,1821
2024-05-26,Instagram,Facebook,165.28,2146.57,0.02,12.99,0.52,16856.31,6872
2024-04-27,Twitter,LinkedIn,160.94,15735.66,0.15,97.77,0.21,128911.09,6954
2024-01-01,Twitter,Facebook,384.53,36092.11,0.24,93.86,0.57,155491.09,1488
2024-04-06,LinkedIn,Pinterest,486.14,9580.35,0.12,19.71,0.67,55871.8,4986
2024-04-15,Twitter,Twitter,406.99,32596.39,0.24,80.09,0.38,61071.6,9863
2024-04-24,LinkedIn,Referral,389.68,16062.1,0.25,41.22,0.35,17944.13,8982
2024-05-23,Pinterest,Email,454.26,44891.15,0.08,98.82,0.67,281432.32,1670
2024-04-17,Facebook,Pinterest,152.4,8520.44,0.29,55.91,0.11,82778.44,555
2024-04-15,Pinterest,LinkedIn,268.35,17118.2,0.19,63.79,0.66,83465.8,5255
2024-03-18,Twitter,Pinterest,266.9,5588.1,0.21,20.94,0.6,37830.46,3259
2024-05-25,LinkedIn,Direct,421.74,4265.66,0.23,10.11,0.2,35259.78,3226
2024-03-13,LinkedIn,Instagram,205.32,12092.79,0.07,58.9,0.38,41940.07,8114
2024-01-01,Instagram,Direct,86.72,8614.72,0.25,99.34,0.63,29193.08,339
2024-02-09,Instagram,Direct,147.33,1873.98,0.12,12.72,0.56,11909.63,7945
2024-05-03,Pinterest,Direct,60.01,4458.0,0.03,74.29,0.29,27016.02,9105
2024-04-12,Facebook,Facebook,392.65,13544.15,0.24,34.49,0.25,72053.28,3309
2024-03-06,Pinterest,Facebook,213.2,6038.31,0.19,28.32,0.54,58088.46,4569
2024-02-21,Instagram,Twitter,74.05,6612.35,0.14,89.3,0.39,54657.14,431
2024-03-13,Facebook,Direct,401.7,3361.17,0.23,8.37,0.6,3757.03,3509
2024-03-15,Twitter,LinkedIn,50.95,4548.3,0.16,89.27,0.55,30383.15,9620
2024-05-19,Twitter,Twitter,254.5,2272.03,0.26,8.93,0.13,20953.72,5431
2024-04-22,Facebook,Organic Search,399.61,24994.57,0.1,62.55,0.35,162123.37,3072
2024-03-10,Instagram,Direct,469.91,23513.17,0.28,50.04,0.68,58402.11,8414
2024-05-16,LinkedIn,Pinterest,320.26,18410.82,0.13,57.49,0.5,22327.48,9751
2024-04-13,Twitter,LinkedIn,497.48,46330.65,0.23,93.13,0.35,168133.09,8174
2024-03-16,Instagram,Facebook,334.43,2726.24,0.09,8.15,0.4,12613.94,1088
2024-01-07,Pinterest,Email,235.32,1928.76,0.12,8.2,0.2,10200.8,8334
2024-03-20,LinkedIn,Facebook,148.75,2677.16,0.12,18.0,0.39,8706.46,5096
2024-03-03,Pinterest,Email,418.88,21067.69,0.08,50.3,0.53,100866.9,7488
2024-04-23,Pinterest,LinkedIn,158.26,1233.46,0.13,7.79,0.64,3098.34,1229
2024-02-25,Pinterest,LinkedIn,110.77,10859.15,0.27,98.03,0.54,62877.83,1347
2024-03-23,LinkedIn,LinkedIn,426.72,35564.71,0.27,83.34,0.64,51425.31,3108
2024-01-14,LinkedIn,Email,319.84,16979.31,0.05,53.09,0.43,135869.61,8260
2024-04-25,Instagram,LinkedIn,114.51,9659.17,0.04,84.35,0.33,10560.89,9286
2024-01-27,Instagram,Direct,37.94,2442.32,0.1,64.37,0.65,15364.32,6857
2024-01-18,Instagram,Twitter,245.43,4613.02,0.05,18.8,0.7,25173.99,9151
2024-01-28,LinkedIn,Direct,57.28,1250.26,0.08,21.83,0.63,6365.34,7551
2024-05-03,Twitter,LinkedIn,397.61,4174.55,0.29,10.5,0.1,24898.66,9894
2024-01-25,Facebook,Instagram,132.49,4429.44,0.13,33.43,0.16,19986.05,3419
2024-04-13,Instagram,Organic Search,64.71,5349.29,0.18,82.67,0.19,22802.18,1310
2024-04-14,LinkedIn,Email,121.98,4745.37,0.26,38.9,0.19,37280.2,1933
2024-03-14,Pinterest,Twitter,440.17,7241.85,0.2,16.45,0.67,29847.41,2397
2024-05-18,Facebook,LinkedIn,457.88,11106.97,0.07,24.26,0.18,43589.58,884
2024-04-25,Facebook,Pinterest,156.36,5868.55,0.21,37.53,0.32,14323.17,4373
2024-02-18,Pinterest,Referral,28.38,1165.35,0.09,41.06,0.66,8155.9,342
2024-04-12,LinkedIn,Email,388.48,11156.09,0.18,28.72,0.46,32270.03,2210
2024-03-23,Twitter,Email,268.94,22412.67,0.14,83.34,0.53,78577.34,942
2024-02-26,Pinterest,Pinterest,320.68,20809.4,0.28,64.89,0.31,147467.47,452
2024-01-09,Facebook,Direct,116.95,6522.11,0.16,55.77,0.11,50358.32,8289
2024-05-02,Twitter,Email,66.28,3836.09,0.19,57.88,0.63,25788.01,2951
2024-02-19,Pinterest,Organic Search,77.72,6252.65,0.17,80.45,0.48,16845.56,9190
2024-04-16,Pinterest,Organic Search,26.56,112.49,0.13,4.24,0.62,1088.54,301
2024-03-31,Pinterest,Referral,171.82,12615.02,0.06,73.42,0.42,65806.22,6880
2024-04-02,Facebook,Instagram,390.17,5952.12,0.12,15.26,0.69,46493.12,2755
2024-05-16,Instagram,Pinterest,99.13,5187.19,0.28,52.33,0.46,24586.96,4828
2024-03-05,LinkedIn,Facebook,465.87,38452.98,0.02,82.54,0.25,173415.47,1678
2024-03-01,Facebook,Pinterest,231.59,17961.75,0.27,77.56,0.11,31244.74,6953
2024-05-12,Pinterest,Instagram,282.47,11307.73,0.22,40.03,0.25,102272.19,2337
2024-01-25,Twitter,Instagram,140.41,11597.83,0.17,82.6,0.43,102383.41,9336
2024-03-23,Instagram,Referral,437.56,3286.88,0.05,7.51,0.21,27641.13,3688
2024-03-30,Pinterest,Pinterest,417.26,37061.34,0.22,88.82,0.19,203197.97,2337
2024-02-18,Pinterest,Direct,163.09,2580.17,0.22,15.82,0.68,14522.42,6941
2024-02-27,Instagram,Instagram,300.94,16560.34,0.15,55.03,0.6,102216.69,7709
2024-01-30,Pinterest,Twitter,488.75,44886.04,0.24,91.84,0.44,238393.42,2874
2024-04-15,Twitter,LinkedIn,139.51,3070.01,0.24,22.01,0.23,14307.55,1907
2024-02-20,LinkedIn,Referral,59.35,4420.31,0.04,74.48,0.61,11380.14,5516
2024-03-23,Twitter,Direct,209.64,16336.39,0.25,77.93,0.48,75955.08,1938
2024-04-24,Facebook,Direct,380.44,5853.77,0.1,15.39,0.38,12471.68,5555
2024-05-05,Facebook,Instagram,385.51,34974.84,0.14,90.72,0.23,213430.72,1939
2024-01-18,LinkedIn,Instagram,348.32,6932.86,0.26,19.9,0.26,30746.54,6590
2024-03-27,Instagram,Organic Search,327.2,30077.62,0.1,91.92,0.52,249438.45,642
2024-01-31,LinkedIn,Email,206.69,10756.35,0.28,52.04,0.52,58786.83,6709
2024-02-06,Instagram,Referral,167.0,4732.87,0.13,28.34,0.27,34419.97,1071
2024-03-16,Instagram,Email,289.77,552.22,0.11,1.91,0.59,4100.25,6740
2024-05-24,Pinterest,Twitter,407.43,28791.69,0.06,70.67,0.57,284710.94,7558
2024-01-19,Instagram,Direct,42.1,3869.75,0.19,91.92,0.17,7289.55,8614
2024-05-06,Twitter,Instagram,194.15,19016.01,0.02,97.94,0.13,39741.48,1470
2024-04-10,Instagram,Instagram,249.7,24292.53,0.1,97.29,0.27,56858.1,235
2024-02-04,LinkedIn,Twitter,449.98,28094.38,0.07,62.43,0.68,270022.76,7722
2024-01-16,Instagram,LinkedIn,110.93,4442.93,0.23,40.05,0.4,15152.07,5664
2024-04-12,Twitter,Direct,313.04,26342.93,0.02,84.15,0.21,202731.17,7015
2024-02-16,LinkedIn,Twitter,467.27,13364.74,0.04,28.6,0.26,129709.8,2790
2024-02-10,Twitter,Referral,152.68,4367.13,0.28,28.6,0.54,42951.65,3287
2024-04-14,Facebook,Facebook,499.03,43749.99,0.18,87.67,0.34,253919.18,6830
2024-01-22,Facebook,Facebook,368.89,25936.62,0.17,70.31,0.5,247719.37,471
2024-03-03,Twitter,Pinterest,202.56,2413.09,0.11,11.91,0.12,20665.99,7821
2024-01-23,LinkedIn,LinkedIn,214.05,10582.58,0.29,49.44,0.67,92506.72,9340
2024-01-03,Pinterest,Referral,191.19,8904.1,0.23,46.57,0.25,81739.91,5584
2024-02-05,Instagram,Facebook,410.4,35856.02,0.22,87.37,0.11,356739.73,7781
2024-01-30,Twitter,Organic Search,383.5,21418.01,0.04,55.85,0.22,73078.56,1956
2024-02-19,Instagram,Referral,96.61,4193.53,0.11,43.41,0.54,13304.66,8733
2024-04-20,Facebook,Direct,152.24,9186.57,0.08,60.34,0.21,30055.11,8301
2024-05-08,Pinterest,Direct,462.74,879.88,0.18,1.9,0.68,2514.92,191
2024-02-09,LinkedIn,Instagram,296.03,4876.47,0.13,16.47,0.6,44174.07,134
2024-03-21,Facebook,Facebook,74.08,4516.09,0.2,60.96,0.49,7903.04,8161
2024-01-29,Facebook,Facebook,138.03,10646.31,0.03,77.13,0.26,85953.31,6479
2024-02-24,Instagram,Direct,357.63,30971.02,0.15,86.6,0.51,143721.66,2593
2024-02-24,LinkedIn,LinkedIn,266.12,4954.45,0.13,18.62,0.41,18042.55,7984
2024-01-04,Pinterest,Twitter,90.65,8690.95,0.1,95.87,0.25,72442.72,7515
2024-02-27,Instagram,Organic Search,118.77,7476.15,0.28,62.95,0.59,12718.43,1270
2024-03-12,Pinterest,Organic Search,356.7,8148.21,0.13,22.84,0.57,61459.66,2541
2024-04-26,Facebook,Facebook,142.88,9547.18,0.04,66.82,0.51,50954.72,2597
2024-04-29,Instagram,Facebook,205.94,5953.73,0.21,28.91,0.39,6940.32,3265
2024-02-27,Twitter,Direct,364.07,4075.91,0.18,11.2,0.46,34978.15,8525
2024-04-15,LinkedIn,Instagram,484.0,25981.5,0.07,53.68,0.43,148338.33,8724
2024-01-11,Facebook,Pinterest,158.55,14007.15,0.26,88.35,0.64,38092.71,5076
2024-03-05,Facebook,Twitter,280.96,692.44,0.23,2.46,0.23,3289.46,2412
2024-02-20,Twitter,Pinterest,379.48,25514.46,0.14,67.24,0.24,40252.36,5557
2024-02-03,Facebook,Twitter,482.76,30838.86,0.14,63.88,0.21,191140.59,8903
2024-03-08,Pinterest,Instagram,29.18,974.62,0.03,33.4,0.33,6811.27,1415
2024-02-23,Facebook,Twitter,211.9,11207.61,0.19,52.89,0.69,75348.05,4334
2024-04-18,Pinterest,Pinterest,59.6,3258.69,0.1,54.68,0.36,29038.45,7872
2024-01-11,Pinterest,Twitter,432.22,42714.22,0.16,98.83,0.7,61620.93,5188
2024-02-20,Facebook,Organic Search,147.69,6575.5,0.29,44.52,0.37,63212.03,1087
2024-02-10,Instagram,Organic Search,413.53,12682.07,0.29,30.67,0.59,32476.05,3612
2024-05-01,LinkedIn,Facebook,411.37,40685.39,0.19,98.9,0.63,54516.87,7214
2024-01-08,Twitter,Direct,480.33,33487.94,0.02,69.72,0.42,99956.01,1953
2024-01-26,Twitter,Facebook,309.97,12896.74,0.17,41.61,0.15,93048.44,3438
2024-05-19,LinkedIn,Referral,363.07,13222.12,0.18,36.42,0.4,75291.48,8557
2024-04-13,Twitter,Direct,153.28,8162.83,0.02,53.25,0.19,48299.52,4406
2024-04-18,Twitter,Twitter,439.86,22348.04,0.29,50.81,0.66,188931.89,9486
2024-02-15,Facebook,Facebook,123.7,6226.25,0.1,50.33,0.43,43376.16,8170
2024-05-08,LinkedIn,Email,209.4,12666.18,0.1,60.49,0.21,46700.83,948
2024-03-30,Pinterest,LinkedIn,480.02,31223.23,0.1,65.05,0.52,48495.09,7785
2024-02-03,LinkedIn,Facebook,455.19,44402.84,0.04,97.55,0.69,341486.28,3110
2024-04-08,LinkedIn,Twitter,24.93,1692.4,0.09,67.89,0.45,13811.55,9787
2024-01-08,LinkedIn,Instagram,177.69,5606.55,0.16,31.55,0.27,8499.31,4673
2024-04-08,Twitter,Instagram,21.62,1896.31,0.22,87.71,0.45,8856.73,8338
2024-02-03,Facebook,LinkedIn,114.62,10619.77,0.23,92.65,0.19,53870.13,1074
2024-05-01,Instagram,Instagram,205.25,10556.03,0.27,51.43,0.35,100503.26,319
2024-04-19,Facebook,LinkedIn,373.12,36026.87,0.28,96.56,0.55,115160.93,3898
2024-01-07,Instagram,Referral,432.75,22279.59,0.04,51.48,0.63,141788.69,2796
2024-04-24,LinkedIn,Organic Search,444.48,19946.82,0.21,44.88,0.11,107440.6,8814
2024-05-08,LinkedIn,Pinterest,130.5,10682.86,0.3,81.86,0.18,61782.97,4535
2024-01-21,Twitter,Twitter,397.82,3070.73,0.08,7.72,0.27,17623.21,6222
2024-01-21,LinkedIn,LinkedIn,346.83,19288.47,0.05,55.61,0.25,30834.12,1084
2024-01-04,Facebook,Organic Search,47.72,2698.48,0.29,56.55,0.48,18750.07,2806
2024-04-07,Pinterest,Twitter,450.09,20385.12,0.1,45.29,0.58,145744.24,6896
2024-01-11,Pinterest,Instagram,329.67,25404.78,0.06,77.06,0.26,246437.04,403
2024-02-24,Pinterest,Pinterest,426.16,16624.69,0.21,39.01,0.64,147808.25,6565
2024-02-25,Twitter,Instagram,127.7,9579.49,0.29,75.02,0.6,93512.15,9003
2024-05-22,Facebook,Direct,54.14,2190.39,0.23,40.46,0.33,16049.98,9970
2024-05-08,LinkedIn,Pinterest,342.58,27873.23,0.24,81.36,0.2,224453.47,5060
2024-05-15,Instagram,Instagram,100.66,4290.84,0.25,42.63,0.29,10978.86,988
2024-01-22,Facebook,Instagram,367.44,23341.46,0.19,63.52,0.61,188253.04,6139
2024-04-17,Twitter,Twitter,359.56,24160.91,0.28,67.2,0.53,225532.61,8459
2024-04-07,Twitter,Twitter,288.86,17764.41,0.01,61.5,0.32,145542.12,8759
2024-03-04,LinkedIn,Referral,143.37,8622.72,0.18,60.14,0.48,70697.38,7432
2024-05-24,Instagram,Twitter,335.37,13423.38,0.09,40.03,0.58,82300.93,1072
2024-04-03,LinkedIn,Organic Search,251.17,1050.4,0.1,4.18,0.63,9019.62,6590
2024-03-06,LinkedIn,LinkedIn,89.04,4617.63,0.11,51.86,0.52,14454.26,7182
2024-05-18,Pinterest,Instagram,434.12,17445.9,0.22,40.19,0.26,52791.22,9126
2024-02-03,Pinterest,Instagram,112.03,8699.91,0.09,77.66,0.43,11751.34,5211
2024-01-01,Facebook,LinkedIn,313.22,7095.59,0.06,22.65,0.4,13002.02,8070
2024-05-06,Instagram,Twitter,271.44,12986.18,0.07,47.84,0.63,68553.14,5698
2024-01-04,Twitter,Twitter,87.77,5274.67,0.08,60.1,0.33,45254.92,3756
2024-01-01,Facebook,LinkedIn,360.66,22509.78,0.24,62.41,0.43,141038.47,4773
2024-02-07,Facebook,Direct,269.39,26398.2,0.06,97.99,0.6,224814.61,9058
2024-04-01,Instagram,Pinterest,213.44,1897.91,0.21,8.89,0.21,5846.5,3540
2024-03-17,LinkedIn,Direct,399.03,20202.17,0.3,50.63,0.68,68807.9,7286
2024-03-25,Instagram,Instagram,444.75,13050.02,0.04,29.34,0.56,102800.89,359
2024-01-07,Facebook,Facebook,464.82,25307.13,0.25,54.45,0.46,163263.46,6577
2024-01-17,Twitter,Facebook,182.58,17211.47,0.25,94.27,0.21,131531.56,9548
2024-01-18,LinkedIn,Organic Search,307.66,17874.94,0.11,58.1,0.31,18426.61,6549
2024-05-13,Pinterest,Pinterest,489.44,28754.38,0.27,58.75,0.36,126007.36,6995
2024-01-26,Facebook,Facebook,469.34,46331.48,0.12,98.72,0.15,397025.42,9549
2024-04-05,Twitter,LinkedIn,76.85,3439.03,0.15,44.75,0.39,4968.08,5681
2024-01-28,Pinterest,Email,327.2,19360.0,0.21,59.17,0.66,137424.09,5203
2024-04-03,Instagram,Direct,457.37,24971.29,0.23,54.6,0.54,37935.75,9152
2024-01-12,Facebook,Pinterest,225.71,8664.47,0.07,38.39,0.41,30445.36,3342
2024-02-16,Instagram,Email,433.42,18170.57,0.27,41.92,0.7,70664.85,7001
2024-03-08,Instagram,Instagram,118.39,921.31,0.23,7.78,0.48,7572.17,8920
2024-05-05,Pinterest,Direct,316.49,19043.99,0.3,60.17,0.43,75101.1,7693
2024-03-15,Facebook,Facebook,270.06,23073.52,0.07,85.44,0.69,168668.99,5799
2024-04-29,Instagram,Facebook,373.12,12274.9,0.02,32.9,0.69,117109.79,2028
2024-04-15,Pinterest,Facebook,365.49,22742.84,0.19,62.23,0.13,83836.17,3519
2024-04-09,Twitter,Instagram,217.75,19186.12,0.01,88.11,0.32,39148.32,3235
2024-01-31,Facebook,Twitter,475.87,9164.96,0.1,19.26,0.11,21543.84,3164
2024-03-17,Instagram,Email,22.15,1795.69,0.13,81.07,0.12,10149.98,9621
2024-02-27,Instagram,LinkedIn,220.32,20763.78,0.29,94.24,0.66,66636.4,7046
2024-03-05,Twitter,Email,107.5,9419.85,0.13,87.63,0.54,76911.04,322
2024-03-08,LinkedIn,LinkedIn,76.97,6860.72,0.26,89.13,0.65,38152.5,5849
2024-05-01,LinkedIn,Twitter,326.7,20877.24,0.27,63.9,0.2,118697.74,4790
2024-03-07,LinkedIn,Facebook,409.94,1155.06,0.12,2.82,0.44,7728.58,1156
2024-03-01,Twitter,Email,135.52,361.12,0.25,2.66,0.42,1269.92,1421
2024-05-21,LinkedIn,LinkedIn,240.79,3716.35,0.13,15.43,0.18,21837.59,1396
2024-02-25,Twitter,Instagram,159.51,9413.47,0.28,59.01,0.14,57289.94,8998
2024-04-23,LinkedIn,Facebook,451.51,5269.02,0.2,11.67,0.63,43196.65,2090
2024-03-21,Twitter,Direct,278.43,6565.73,0.11,23.58,0.31,48815.15,2334
2024-02-08,Twitter,Email,458.91,20850.95,0.27,45.44,0.57,177062.85,5483
2024-04-23,Pinterest,Organic Search,256.62,3793.27,0.12,14.78,0.34,8722.15,6213
2024-02-08,Pinterest,Organic Search,75.02,6944.58,0.26,92.57,0.44,40816.28,9600
2024-03-15,Facebook,Pinterest,409.94,34321.45,0.23,83.72,0.16,103882.61,8217
2024-05-22,Pinterest,Instagram,344.46,15689.94,0.04,45.55,0.48,36007.31,6591
2024-01-06,Facebook,Twitter,58.49,3521.77,0.26,60.21,0.27,20665.31,9238
2024-02-25,Twitter,Direct,310.45,9652.92,0.19,31.09,0.64,59908.1,2298
2024-04-02,Instagram,Pinterest,412.99,7289.95,0.17,17.65,0.43,27843.83,4374
2024-04-12,Pinterest,Facebook,119.36,11170.24,0.21,93.58,0.61,91991.88,3897
2024-02-15,Pinterest,Email,30.51,768.22,0.19,25.18,0.1,6965.66,3716
2024-03-09,Twitter,Direct,426.74,10335.71,0.27,24.22,0.48,33355.74,906
2024-01-05,Facebook,Instagram,239.43,19097.67,0.08,79.76,0.38,187048.32,2864
2024-03-19,LinkedIn,Instagram,301.99,19606.3,0.03,64.92,0.21,183344.67,5716
2024-02-23,LinkedIn,Facebook,329.63,20176.03,0.23,61.21,0.5,87265.59,5103
2024-05-01,Instagram,Direct,410.4,32950.48,0.19,80.29,0.55,152454.31,2314
2024-02-24,LinkedIn,Facebook,85.06,7160.78,0.16,84.19,0.3,30326.98,7142
2024-01-21,Pinterest,Pinterest,269.83,25900.7,0.25,95.99,0.61,89955.93,914
2024-05-24,Twitter,Facebook,334.82,19059.64,0.12,56.93,0.56,50727.41,520
2024-05-19,Pinterest,Facebook,223.59,10455.54,0.21,46.76,0.68,17764.37,4808
2024-01-13,Pinterest,Facebook,440.68,9458.43,0.08,21.46,0.38,54460.84,8310
2024-02-08,Instagram,Email,281.14,9762.31,0.21,34.72,0.35,27085.25,9594
2024-05-20,Twitter,Twitter,211.13,20064.36,0.22,95.03,0.13,50157.36,8002
2024-05-21,Facebook,Instagram,373.15,34832.98,0.19,93.35,0.43,347077.85,9482
2024-04-26,Twitter,Direct,90.75,3125.35,0.21,34.44,0.11,17254.44,6665
2024-04-28,Pinterest,Email,487.59,40921.25,0.17,83.93,0.31,60053.94,4120
2024-02-18,Pinterest,Instagram,37.77,3491.38,0.15,92.44,0.43,32096.12,4180
2024-02-15,Twitter,LinkedIn,141.64,12466.54,0.19,88.02,0.52,83483.1,3170
2024-05-23,Facebook,Organic Search,236.18,5422.9,0.18,22.96,0.25,50281.55,6414
2024-05-06,Facebook,Email,262.29,12624.52,0.17,48.13,0.33,68430.96,1738
2024-05-19,LinkedIn,Email,162.39,2098.08,0.03,12.92,0.25,7377.11,4812
2024-05-06,Instagram,LinkedIn,162.92,13661.42,0.3,83.85,0.42,69588.57,2544
2024-04-03,Instagram,Twitter,66.95,4523.86,0.05,67.57,0.67,19897.84,6064
2024-02-20,Facebook,Instagram,163.58,1676.91,0.16,10.25,0.33,2830.16,9239
2024-01-09,Instagram,Email,332.97,5839.34,0.08,17.54,0.54,48195.99,1820
2024-01-29,Pinterest,Instagram,172.44,897.3,0.16,5.2,0.25,3566.29,5149
2024-05-13,Pinterest,Instagram,201.44,18252.03,0.07,90.61,0.48,182333.31,3528
2024-05-03,Instagram,Direct,149.26,8288.56,0.22,55.53,0.46,63762.61,5631
2024-03-08,LinkedIn,Email,374.55,33892.29,0.18,90.49,0.57,207687.9,7753
2024-05-18,Twitter,LinkedIn,494.93,19898.88,0.27,40.21,0.33,85640.56,2800
2024-01-01,Twitter,Referral,68.89,577.84,0.05,8.39,0.68,2475.33,4813
2024-01-25,LinkedIn,Email,163.94,7404.76,0.3,45.17,0.44,21351.49,4888
2024-04-22,LinkedIn,Twitter,68.49,6502.9,0.28,94.95,0.54,59309.54,5149
2024-04-13,LinkedIn,Referral,472.8,46480.23,0.25,98.31,0.47,124146.63,5841
2024-01-10,LinkedIn,Pinterest,496.5,28618.75,0.25,57.64,0.36,141455.62,3649
2024-03-13,Facebook,Pinterest,303.43,4344.83,0.09,14.32,0.42,24102.19,3238
2024-02-08,Pinterest,Pinterest,466.42,22110.55,0.22,47.4,0.38,199822.89,8166
2024-05-20,Instagram,Direct,291.2,4886.78,0.06,16.78,0.63,9636.31,7680
2024-04-23,Instagram,Facebook,30.35,2397.65,0.26,79.0,0.54,7245.37,2727
2024-05-01,Facebook,Email,283.39,4621.58,0.08,16.31,0.57,11862.26,7260
2024-01-20,LinkedIn,Pinterest,41.85,2557.94,0.17,61.12,0.48,19691.58,6529
2024-02-13,Twitter,Email,489.35,15821.99,0.18,32.33,0.63,141667.65,6508
2024-05-20,LinkedIn,Email,490.31,13376.36,0.02,27.28,0.43,72464.05,1855
2024-02-04,LinkedIn,Organic Search,87.66,7169.56,0.29,81.79,0.15,56818.15,5873
2024-05-14,Facebook,Twitter,117.62,4926.54,0.18,41.89,0.12,26075.82,3590
2024-04-24,Twitter,Twitter,415.33,21497.22,0.1,51.76,0.61,112924.99,4645
2024-01-16,LinkedIn,Facebook,279.21,3008.95,0.11,10.78,0.52,27889.37,1352
2024-03-09,LinkedIn,Direct,71.53,4074.41,0.08,56.96,0.14,10980.63,3601
2024-02-13,Twitter,Instagram,25.98,1263.62,0.19,48.64,0.5,9951.35,4138
2024-04-28,LinkedIn,Email,180.34,8693.45,0.14,48.21,0.3,52270.54,304
2024-01-07,Facebook,Email,137.83,12367.56,0.08,89.73,0.43,118805.22,5790
2024-05-06,Twitter,Pinterest,296.89,6235.48,0.18,21.0,0.53,45021.25,1650
2024-03-06,Pinterest,LinkedIn,408.5,10536.53,0.04,25.79,0.35,72576.89,4409
2024-05-16,Twitter,Direct,297.71,622.01,0.1,2.09,0.3,759.85,5460
2024-03-02,Pinterest,Referral,146.46,4548.06,0.27,31.05,0.64,39598.74,6455
2024-04-03,Facebook,Twitter,38.13,3100.79,0.12,81.32,0.21,13847.68,6269
2024-03-24,Facebook,Instagram,50.88,1361.97,0.18,26.77,0.52,12688.01,4865
2024-03-28,Facebook,LinkedIn,226.66,4878.89,0.1,21.53,0.57,23559.69,3157
2024-05-18,Pinterest,Pinterest,384.08,22604.52,0.11,58.85,0.12,158270.09,4474
2024-04-03,Twitter,LinkedIn,223.99,15036.35,0.26,67.13,0.17,51904.6,2439
2024-03-14,Pinterest,Twitter,207.99,10516.38,0.02,50.56,0.41,90855.09,8832
2024-04-28,Twitter,Direct,281.49,18600.68,0.29,66.08,0.14,109052.74,8690
2024-03-08,Twitter,Instagram,206.7,5246.31,0.04,25.38,0.18,36861.11,8838
2024-01-04,Facebook,Twitter,241.34,14822.75,0.09,61.42,0.5,89974.71,9750
2024-03-17,Instagram,LinkedIn,374.05,19476.93,0.2,52.07,0.49,172991.02,4922
2024-04-16,Pinterest,Direct,138.3,6090.62,0.25,44.04,0.23,45831.1,5739
2024-03-07,LinkedIn,Twitter,403.02,31210.95,0.1,77.44,0.61,286212.61,4924
2024-01-31,LinkedIn,Twitter,289.73,13294.1,0.29,45.88,0.6,90407.67,410
2024-02-20,Twitter,Pinterest,141.48,1867.24,0.22,13.2,0.59,7149.04,1418
2024-05-21,Pinterest,Referral,62.5,792.74,0.15,12.68,0.45,2389.61,4823
2024-02-28,Facebook,Referral,314.52,2577.28,0.27,8.19,0.54,12745.13,2643
2024-03-16,Twitter,Email,111.49,9117.59,0.06,81.78,0.43,79746.34,3053
2024-04-03,Instagram,Referral,30.72,1794.87,0.27,58.43,0.27,7024.68,5024
2024-04-08,Instagram,LinkedIn,377.96,34939.38,0.05,92.44,0.44,78469.94,5210
2024-01-02,Pinterest,Instagram,251.55,2595.88,0.11,10.32,0.52,20514.3,561
2024-03-01,Twitter,Organic Search,145.7,12230.81,0.24,83.95,0.2,18627.28,7506
2024-01-27,LinkedIn,Pinterest,323.66,2636.36,0.24,8.15,0.53,4606.08,2485
2024-03-30,Pinterest,Instagram,69.52,5065.74,0.17,72.87,0.53,5181.35,562
2024-04-15,LinkedIn,Organic Search,411.27,877.13,0.21,2.13,0.28,2325.79,7527
2024-02-22,Twitter,Direct,181.85,12091.39,0.19,66.49,0.58,111738.33,6782
2024-04-29,Twitter,Referral,204.16,5327.79,0.21,26.1,0.69,17024.86,6783
2024-03-13,Twitter,Email,494.65,28992.61,0.05,58.61,0.49,96524.69,9242
2024-04-20,Twitter,Email,463.28,7820.15,0.2,16.88,0.54,64158.35,7311
2024-02-28,Twitter,Twitter,84.03,4073.94,0.01,48.48,0.65,21161.92,5669
2024-03-24,Pinterest,Referral,340.74,28349.19,0.18,83.2,0.51,72296.2,3201
2024-01-28,Facebook,Pinterest,456.51,45313.98,0.03,99.26,0.4,184750.69,3565
2024-01-18,Twitter,Email,212.09,19160.48,0.29,90.34,0.51,43010.47,9940
2024-01-21,LinkedIn,Facebook,216.49,19456.1,0.29,89.87,0.12,52200.58,8504
2024-04-26,Instagram,Referral,440.98,25374.69,0.24,57.54,0.35,143958.58,3948
2024-02-11,Pinterest,Direct,167.78,5223.23,0.26,31.13,0.4,19633.63,1208
2024-05-21,Facebook,Organic Search,381.48,9147.04,0.1,23.98,0.16,81290.39,1701
2024-01-05,Instagram,Pinterest,240.25,2157.67,0.13,8.98,0.33,18872.89,6874
2024-03-23,Twitter,Referral,446.69,7717.79,0.26,17.28,0.32,35285.57,8754
2024-02-11,Pinterest,Direct,318.36,23977.45,0.06,75.32,0.66,162929.23,5324
2024-02-14,Twitter,Twitter,329.93,25667.47,0.13,77.8,0.19,77606.35,5555
2024-01-09,Twitter,Referral,200.4,1927.45,0.05,9.62,0.17,8605.06,2652
2024-02-01,Instagram,Referral,191.09,15403.15,0.17,80.61,0.5,153406.14,1927
2024-05-20,Instagram,Organic Search,198.82,8710.28,0.28,43.81,0.43,77695.26,4685
2024-03-20,Instagram,Organic Search,58.57,3774.01,0.02,64.44,0.33,17908.02,4787
2024-05-12,Twitter,Email,49.07,3839.82,0.27,78.25,0.18,15924.27,6710
2024-03-11,Twitter,Twitter,159.36,9473.64,0.23,59.45,0.47,75064.76,3161
2024-02-09,Instagram,Facebook,239.69,1856.89,0.05,7.75,0.44,3655.19,3583
2024-03-16,Instagram,Pinterest,270.94,22741.22,0.07,83.93,0.68,79304.6,3411
2024-05-14,Twitter,Email,327.95,3332.16,0.11,10.16,0.31,28403.4,720
2024-01-15,Facebook,Referral,61.93,3686.44,0.17,59.53,0.46,35449.14,8181
2024-01-26,LinkedIn,Email,166.3,10171.16,0.04,61.16,0.24,90667.59,5812
2024-04-06,Instagram,Direct,65.57,1804.89,0.15,27.53,0.11,5300.8,8275
2024-01-03,Twitter,Twitter,235.4,4334.33,0.03,18.41,0.24,35587.0,7520
2024-03-19,Facebook,Instagram,292.52,2467.03,0.12,8.43,0.54,18351.47,6285
2024-03-05,Twitter,Pinterest,168.81,16693.91,0.07,98.89,0.55,134744.68,1820
2024-05-03,Instagram,Twitter,48.85,837.9,0.05,17.15,0.49,7571.83,5514
2024-03-14,Facebook,Referral,357.3,18395.31,0.14,51.48,0.49,159125.97,6900
2024-02-11,Twitter,Instagram,159.16,15087.18,0.07,94.79,0.49,120074.43,5990
2024-01-20,LinkedIn,Pinterest,421.07,30014.69,0.26,71.28,0.26,88402.71,5375
2024-01-29,Pinterest,Direct,308.91,6486.75,0.16,21.0,0.18,21904.55,4342
2024-02-24,Pinterest,Facebook,112.64,7365.84,0.23,65.39,0.28,30788.27,9132
2024-05-23,Facebook,Instagram,416.48,25686.81,0.28,61.68,0.37,145026.77,9463
2024-05-13,LinkedIn,Organic Search,219.86,5700.19,0.07,25.93,0.11,25070.01,5383
2024-05-22,Instagram,Email,433.17,41577.19,0.04,95.98,0.62,317844.62,5457
2024-04-19,Facebook,Direct,78.22,6494.03,0.25,83.02,0.41,52254.24,4319
2024-04-02,Instagram,Organic Search,232.62,2183.4,0.19,9.39,0.45,19906.21,8389
2024-02-28,LinkedIn,LinkedIn,363.84,24366.01,0.13,66.97,0.62,80920.43,9536
2024-04-07,Pinterest,LinkedIn,433.67,22610.37,0.14,52.14,0.29,168222.69,8939
2024-01-03,Instagram,Referral,407.56,3992.12,0.02,9.8,0.41,36044.97,795
2024-04-19,Twitter,Direct,432.98,14623.02,0.21,33.77,0.61,97922.79,7989
2024-01-09,Facebook,Twitter,125.71,4936.64,0.21,39.27,0.41,36847.18,6666
2024-02-26,LinkedIn,Referral,191.02,12119.68,0.19,63.45,0.69,51406.17,2865
2024-01-05,LinkedIn,Email,372.78,32905.59,0.29,88.27,0.55,98166.78,8733
2024-01-24,LinkedIn,Email,473.5,17851.72,0.18,37.7,0.6,30813.12,7682
2024-02-12,Facebook,LinkedIn,371.5,23702.49,0.07,63.8,0.62,57684.4,7193
2024-03-29,Facebook,Pinterest,491.51,6260.94,0.03,12.74,0.29,10251.31,7280
2024-03-11,LinkedIn,Referral,295.19,13627.68,0.13,46.17,0.43,19328.09,2254
2024-01-25,Instagram,LinkedIn,312.22,15377.6,0.19,49.25,0.39,63311.13,6029
2024-03-03,Twitter,Direct,456.95,42816.6,0.09,93.7,0.68,228329.88,4505
2024-01-02,Facebook,Email,191.55,1054.55,0.01,5.51,0.65,8889.28,2965
2024-05-10,Pinterest,Referral,66.78,435.95,0.16,6.53,0.27,1272.98,7356
2024-03-28,Facebook,Direct,326.53,799.35,0.26,2.45,0.31,6475.07,6187
2024-04-21,LinkedIn,LinkedIn,87.75,681.74,0.06,7.77,0.27,2813.87,5598
2024-03-24,Twitter,Instagram,142.14,7662.92,0.09,53.91,0.2,70509.95,1765
2024-05-12,LinkedIn,Referral,462.22,23722.27,0.04,51.32,0.44,67184.11,3485
2024-04-17,Facebook,Organic Search,56.69,5098.73,0.23,89.94,0.3,25695.27,9595
2024-01-08,LinkedIn,Pinterest,347.59,31841.38,0.1,91.61,0.58,295213.29,4259
2024-05-08,Twitter,Twitter,24.41,1738.4,0.15,71.22,0.14,4562.51,6141
2024-03-21,LinkedIn,Instagram,320.89,21812.67,0.28,67.98,0.42,195783.02,3154
2024-03-28,Facebook,Instagram,305.21,2490.18,0.21,8.16,0.2,23288.59,1146
2024-01-07,Pinterest,Instagram,472.44,16919.68,0.15,35.81,0.7,19848.0,2469
2024-02-29,Instagram,Email,276.2,6137.19,0.01,22.22,0.55,47750.88,6577
2024-01-01,LinkedIn,Email,318.96,7857.95,0.13,24.64,0.51,35528.28,1939
2024-04-24,LinkedIn,Facebook,164.59,9523.45,0.12,57.86,0.33,74458.5,7453
2024-01-19,LinkedIn,LinkedIn,244.22,18254.14,0.26,74.74,0.4,140456.3,9350
2024-01-11,Twitter,Organic Search,212.93,17992.86,0.23,84.5,0.58,95471.39,2231
2024-02-19,Instagram,Twitter,361.8,19764.19,0.01,54.63,0.51,53613.76,3915
2024-03-02,Twitter,Direct,263.31,19777.41,0.04,75.11,0.66,172394.54,9324
2024-01-14,Facebook,Pinterest,245.53,16759.45,0.04,68.26,0.1,132481.2,9719
2024-01-05,Pinterest,Organic Search,401.0,30153.43,0.16,75.2,0.6,78124.87,799
2024-03-21,LinkedIn,Organic Search,379.97,37103.0,0.23,97.65,0.63,253124.43,9312
2024-05-10,Pinterest,Facebook,170.33,15697.62,0.25,92.16,0.42,39777.48,8130
2024-02-12,Instagram,Referral,388.32,3169.26,0.04,8.16,0.2,3798.27,8546
2024-02-18,Pinterest,Direct,464.1,45474.41,0.25,97.98,0.29,327521.87,5252
2024-02-10,LinkedIn,Facebook,450.84,30803.2,0.01,68.32,0.21,236093.04,1414
2024-02-11,Facebook,Referral,307.2,19019.97,0.16,61.91,0.48,60326.91,6122
2024-03-06,Instagram,Pinterest,103.97,3551.37,0.06,34.16,0.16,28570.94,4919
2024-02-15,LinkedIn,Pinterest,419.87,21580.38,0.02,51.4,0.44,34736.97,5132
2024-03-02,Twitter,Email,432.03,938.58,0.02,2.17,0.36,8906.81,9115
2024-04-04,LinkedIn,Organic Search,279.16,22313.97,0.07,79.93,0.43,55319.16,4107
2024-05-01,Facebook,Referral,202.06,6889.01,0.09,34.09,0.39,41075.73,3428
2024-02-18,Facebook,LinkedIn,411.56,18259.58,0.05,44.37,0.31,151174.22,6553
2024-03-12,Facebook,Facebook,111.63,3408.9,0.2,30.54,0.14,8902.23,678
2024-05-23,LinkedIn,Facebook,99.97,7602.7,0.09,76.05,0.36,67616.63,8943
2024-05-04,LinkedIn,Referral,187.47,16839.66,0.21,89.83,0.18,166459.25,6272
2024-03-02,LinkedIn,Instagram,268.92,16041.86,0.08,59.65,0.14,58126.79,7724
2024-02-06,LinkedIn,Instagram,98.92,2027.58,0.27,20.5,0.38,18458.69,4549
2024-05-08,Twitter,Instagram,51.33,3485.74,0.02,67.91,0.47,24785.08,7786
2024-02-10,Pinterest,LinkedIn,98.77,9756.18,0.08,98.78,0.35,19220.51,7807
2024-05-20,Instagram,Email,194.27,1967.45,0.08,10.13,0.38,13851.73,9442
2024-03-02,Facebook,Twitter,75.86,5506.91,0.09,72.59,0.38,17191.0,4728
2024-04-20,Pinterest,Email,155.54,1650.41,0.22,10.61,0.42,7698.14,986
2024-03-09,LinkedIn,Twitter,346.69,29384.65,0.17,84.76,0.26,86189.56,1611
2024-04-18,Twitter,Direct,386.26,27559.73,0.02,71.35,0.42,215419.49,7227
2024-02-14,LinkedIn,Instagram,85.46,7790.9,0.22,91.16,0.61,41864.12,3548
2024-04-22,Instagram,Organic Search,128.29,6719.29,0.28,52.38,0.23,57641.71,9632
2024-05-21,Twitter,Pinterest,302.79,6870.64,0.2,22.69,0.26,44524.95,8256
2024-03-30,Instagram,Instagram,39.29,291.57,0.3,7.42,0.49,2319.63,4445
2024-04-06,Instagram,Referral,184.25,2792.28,0.19,15.15,0.14,10109.59,2109
2024-03-05,LinkedIn,Direct,373.47,12092.66,0.02,32.38,0.5,54439.27,1486
2024-03-28,Facebook,Twitter,158.81,779.72,0.24,4.91,0.15,6035.84,3797
2024-03-08,LinkedIn,Facebook,107.11,8292.2,0.08,77.42,0.62,37149.27,3769
2024-02-01,Facebook,Email,32.42,957.41,0.04,29.53,0.25,9294.53,824
2024-01-21,Twitter,LinkedIn,128.26,7183.03,0.15,56.0,0.37,54355.44,2996
2024-03-01,Pinterest,Organic Search,356.7,12980.82,0.17,36.39,0.19,29142.02,9908
2024-05-16,Instagram,Instagram,440.42,20729.57,0.29,47.07,0.28,129772.67,6824
2024-02-16,Facebook,LinkedIn,158.71,3598.88,0.27,22.68,0.51,35440.22,8719
2024-01-08,Twitter,Pinterest,239.56,15844.59,0.12,66.14,0.3,105268.38,7785
2024-03-07,Pinterest,Email,141.69,8841.39,0.21,62.4,0.34,51453.15,3046
2024-02-25,Twitter,Pinterest,484.96,31597.16,0.02,65.15,0.45,69845.99,341
2024-04-01,Facebook,Twitter,288.69,5079.63,0.04,17.6,0.43,39759.03,2989
2024-04-30,Twitter,Direct,207.27,19302.77,0.19,93.13,0.45,102398.85,9207
2024-04-10,Facebook,Referral,374.14,8605.59,0.06,23.0,0.7,37690.47,8300
2024-01-21,Pinterest,Facebook,27.66,2377.31,0.24,85.95,0.29,9045.08,292
2024-03-07,LinkedIn,Pinterest,122.76,2725.22,0.12,22.2,0.7,15031.23,8178
2024-04-19,Facebook,Organic Search,280.46,4765.41,0.02,16.99,0.57,20203.45,3777
2024-04-22,LinkedIn,Twitter,410.69,27413.42,0.09,66.75,0.47,152831.46,8183
2024-05-03,Facebook,Organic Search,112.83,10416.92,0.28,92.32,0.44,64530.2,7030
2024-05-02,Facebook,Email,490.28,32190.14,0.28,65.66,0.47,310375.93,4937
2024-01-26,Twitter,Facebook,290.41,22370.57,0.3,77.03,0.67,65055.66,4721
2024-02-17,LinkedIn,Instagram,191.74,15635.99,0.26,81.55,0.39,52303.97,9368
2024-05-18,Pinterest,Direct,136.66,9007.05,0.22,65.91,0.41,37316.13,860
2024-01-09,LinkedIn,Twitter,332.86,9640.51,0.13,28.96,0.67,60289.99,6562
2024-01-09,Twitter,Organic Search,303.61,22042.55,0.25,72.6,0.5,169424.89,2344
2024-05-11,Pinterest,Direct,244.0,21939.63,0.17,89.92,0.2,63495.28,5432
2024-02-06,Pinterest,Twitter,358.15,9598.15,0.21,26.8,0.31,42735.46,9383
2024-04-09,Facebook,Referral,163.46,9009.28,0.16,55.12,0.21,54770.52,6694
2024-05-06,Twitter,Twitter,252.95,2578.8,0.14,10.19,0.53,13039.93,3660
2024-05-10,LinkedIn,Referral,306.24,23517.68,0.12,76.79,0.57,192487.11,7087
2024-05-24,Pinterest,LinkedIn,356.62,30867.81,0.22,86.56,0.23,202328.37,4124
2024-04-13,Instagram,Instagram,392.81,14887.9,0.12,37.9,0.23,120854.49,4480
2024-02-06,Pinterest,Referral,365.47,971.53,0.18,2.66,0.67,8936.71,6663
2024-02-11,Facebook,Organic Search,393.5,18685.79,0.17,47.49,0.25,66872.95,2148
2024-02-11,Instagram,Organic Search,499.15,14482.69,0.23,29.01,0.25,80005.86,2457
2024-02-05,Twitter,Email,433.5,36911.29,0.22,85.15,0.58,185521.15,4235
2024-01-21,LinkedIn,Direct,397.49,33228.46,0.21,83.6,0.59,71673.45,5812
2024-01-31,Instagram,Instagram,449.74,18061.11,0.29,40.16,0.16,108926.49,1813
2024-04-29,Facebook,Twitter,353.78,24654.86,0.11,69.69,0.22,222878.35,9860
2024-05-08,Twitter,Email,418.24,31290.78,0.16,74.82,0.36,205996.24,9298
2024-04-01,LinkedIn,Twitter,388.86,10031.6,0.24,25.8,0.36,76225.21,9650
2024-01-16,Twitter,Direct,450.09,3641.74,0.16,8.09,0.44,6518.61,1775
2024-01-24,Pinterest,Facebook,206.42,16489.52,0.29,79.88,0.27,71743.07,4178
2024-03-05,LinkedIn,LinkedIn,45.14,4431.77,0.05,98.18,0.33,11167.73,4370
2024-04-23,Pinterest,Instagram,135.07,6777.8,0.14,50.18,0.28,38295.72,2082
2024-04-22,Pinterest,LinkedIn,428.49,35676.14,0.27,83.26,0.32,60678.55,4040
2024-01-03,Instagram,LinkedIn,170.47,6620.9,0.27,38.84,0.44,31405.46,3746
2024-03-05,LinkedIn,Twitter,69.85,3773.61,0.14,54.02,0.52,7892.1,7495
2024-04-16,Twitter,Email,459.31,12220.43,0.16,26.61,0.19,52723.1,828
2024-03-04,Facebook,Facebook,344.75,21107.29,0.1,61.22,0.13,73388.18,8836
2024-04-02,Twitter,LinkedIn,41.82,600.88,0.04,14.37,0.56,4276.63,1631
2024-01-28,Instagram,Facebook,345.63,27658.77,0.29,80.02,0.66,80399.15,8689
2024-01-08,LinkedIn,Facebook,218.52,20020.88,0.25,91.62,0.46,106851.39,2244
2024-02-01,Facebook,Organic Search,209.79,13198.21,0.26,62.91,0.46,17746.0,6160
2024-05-02,LinkedIn,Referral,36.57,2284.05,0.21,62.46,0.16,3041.77,4253
2024-02-13,Facebook,Direct,390.44,35214.49,0.06,90.19,0.52,81270.98,5262
2024-04-03,Facebook,Direct,181.28,524.48,0.08,2.89,0.13,3226.05,4299
2024-04-27,Instagram,Email,222.27,21787.32,0.07,98.02,0.39,69926.93,4890
2024-01-20,Twitter,Referral,463.86,7622.54,0.19,16.43,0.59,40846.27,358
2024-04-06,Instagram,Instagram,401.32,30781.45,0.03,76.7,0.14,124349.6,5699
2024-05-16,Instagram,Twitter,387.46,27161.7,0.22,70.1,0.13,42103.98,8354
2024-03-08,Pinterest,Referral,133.05,427.61,0.06,3.21,0.66,2828.31,4746
2024-04-11,Pinterest,Facebook,419.98,8944.18,0.14,21.3,0.18,75472.87,1081
2024-01-09,Twitter,Direct,412.83,39545.85,0.2,95.79,0.38,276607.2,5797
2024-04-14,Instagram,Organic Search,441.88,42523.86,0.06,96.23,0.13,140596.81,3932
2024-05-01,Instagram,Instagram,486.62,19184.85,0.22,39.42,0.57,30745.91,4689
2024-04-15,Twitter,LinkedIn,263.41,15179.81,0.27,57.63,0.18,64892.12,4358
2024-03-14,Pinterest,Facebook,192.71,13807.71,0.06,71.65,0.12,90545.3,6731
2024-03-30,Instagram,Facebook,104.98,5956.52,0.03,56.74,0.47,22675.48,9325
2024-04-12,LinkedIn,Referral,484.16,20058.13,0.19,41.43,0.5,24386.81,2861
2024-02-27,Pinterest,Organic Search,99.77,8001.57,0.04,80.2,0.27,38317.54,1080
2024-02-01,LinkedIn,LinkedIn,198.82,12580.89,0.3,63.28,0.14,40578.25,4189
2024-01-24,Instagram,Email,61.06,5473.99,0.11,89.65,0.24,7711.98,1452
2024-01-26,LinkedIn,Instagram,399.84,2675.79,0.03,6.69,0.31,8349.92,1879
2024-04-19,Pinterest,Organic Search,351.21,5122.79,0.16,14.59,0.38,7455.19,1453
2024-04-18,Instagram,Referral,73.02,618.4,0.13,8.47,0.25,2513.47,9648
2024-03-14,Pinterest,LinkedIn,240.57,3427.52,0.28,14.25,0.63,25845.38,7245
2024-04-11,Twitter,Email,89.67,7815.07,0.1,87.15,0.31,36927.81,8007
2024-03-13,Instagram,Pinterest,35.76,1268.79,0.06,35.48,0.43,2895.06,1419
2024-02-12,Pinterest,Referral,453.04,4062.52,0.28,8.97,0.13,33601.16,4758
2024-02-04,Twitter,Direct,405.11,26976.87,0.23,66.59,0.69,31976.39,1289
2024-01-27,LinkedIn,Email,205.89,13861.01,0.07,67.32,0.53,116673.16,1613
2024-04-17,LinkedIn,Facebook,486.77,25256.82,0.06,51.89,0.34,46210.32,5942
2024-04-26,Facebook,Facebook,284.81,13394.96,0.16,47.03,0.65,105789.13,6139
2024-04-07,Facebook,LinkedIn,103.73,5965.51,0.08,57.51,0.69,13867.93,8261
2024-01-23,Facebook,LinkedIn,373.16,31119.4,0.09,83.39,0.28,256834.49,2654
2024-03-08,Facebook,Instagram,424.14,18973.1,0.25,44.73,0.1,111681.8,4144
2024-04-20,Instagram,Referral,483.02,47197.96,0.08,97.71,0.52,421137.9,4430
2024-04-19,Pinterest,Twitter,415.0,11278.96,0.05,27.18,0.58,11863.13,2836
2024-02-10,Twitter,Twitter,26.4,1471.7,0.19,55.75,0.37,10600.95,4849
2024-05-25,Facebook,Organic Search,484.55,21118.52,0.01,43.58,0.19,181133.85,1500
2024-03-15,Pinterest,Direct,48.06,2311.68,0.11,48.1,0.59,17891.5,3733
2024-01-18,Instagram,Pinterest,66.54,4911.19,0.28,73.81,0.24,7403.62,4545
2024-04-22,Instagram,Referral,233.17,11771.42,0.25,50.48,0.47,12076.86,3783
2024-02-28,Facebook,Organic Search,218.15,12840.13,0.27,58.86,0.68,15574.57,9574
2024-01-15,LinkedIn,Email,415.63,28492.32,0.29,68.55,0.23,193721.69,7748
2024-04-29,Instagram,Instagram,241.71,23565.73,0.03,97.5,0.11,228836.75,8836
2024-03-29,Pinterest,LinkedIn,269.74,8560.78,0.09,31.74,0.2,68896.09,2879
2024-04-30,Facebook,Pinterest,200.04,14719.73,0.13,73.58,0.51,27226.51,2551
2024-03-30,LinkedIn,Organic Search,87.71,8434.75,0.07,96.17,0.25,31409.04,5795
2024-02-04,Facebook,Pinterest,83.88,4484.86,0.24,53.47,0.65,42904.78,3366
2024-05-11,Twitter,LinkedIn,388.06,36229.31,0.16,93.36,0.13,110520.98,8240
2024-04-17,Twitter,Pinterest,132.51,8505.35,0.02,64.19,0.21,17853.75,4025
2024-01-06,Instagram,Pinterest,208.31,7031.39,0.21,33.75,0.41,56198.24,4057
2024-02-12,Twitter,Facebook,354.19,27063.28,0.15,76.41,0.22,58906.53,9697
2024-04-08,Twitter,Instagram,71.2,6110.29,0.11,85.82,0.56,11421.48,1735
2024-05-17,LinkedIn,Email,338.07,10682.96,0.08,31.6,0.28,65092.24,9673
2024-03-05,Pinterest,Email,226.12,18683.72,0.19,82.63,0.26,87364.76,7543
2024-03-19,Facebook,Email,194.43,19326.64,0.08,99.4,0.43,159597.24,6940
2024-01-29,Twitter,Organic Search,233.12,3523.93,0.06,15.12,0.31,25200.51,4038
2024-05-08,Pinterest,Instagram,373.89,12819.65,0.09,34.29,0.2,32887.21,3208
2024-05-11,Pinterest,Organic Search,83.75,843.5,0.23,10.07,0.42,3475.72,7081
2024-02-13,Pinterest,Organic Search,485.03,32534.19,0.28,67.08,0.45,183667.18,6233
2024-04-19,Twitter,Pinterest,219.61,8586.83,0.06,39.1,0.63,64396.76,159
2024-05-08,LinkedIn,LinkedIn,284.58,24788.61,0.14,87.11,0.25,47798.47,4145
2024-03-15,Pinterest,LinkedIn,37.1,835.8,0.06,22.53,0.21,2312.52,6523
2024-02-11,Twitter,LinkedIn,157.28,7202.33,0.12,45.79,0.37,51970.53,1608
2024-05-01,Twitter,LinkedIn,300.16,10643.18,0.26,35.46,0.42,46305.15,9212
2024-01-10,Pinterest,LinkedIn,494.11,10858.4,0.29,21.98,0.67,53267.43,3402
2024-04-05,Instagram,Facebook,108.31,1061.97,0.25,9.8,0.37,6816.51,3916
2024-03-24,Pinterest,LinkedIn,112.11,2798.09,0.03,24.96,0.68,26243.58,184
2024-04-07,Pinterest,Organic Search,166.93,14898.89,0.17,89.25,0.53,125702.42,4932
2024-04-27,LinkedIn,LinkedIn,247.91,21852.88,0.29,88.15,0.51,157402.29,2670
2024-01-11,LinkedIn,Organic Search,294.51,26017.28,0.23,88.34,0.42,195734.7,236
2024-02-02,Pinterest,Direct,85.53,3354.45,0.28,39.22,0.24,27741.43,8971
2024-02-18,Twitter,Direct,110.78,8307.56,0.25,74.99,0.34,57734.45,8707
2024-01-10,LinkedIn,Email,77.13,5675.87,0.24,73.59,0.32,27956.64,4818
2024-02-25,LinkedIn,Referral,176.15,15612.57,0.14,88.63,0.28,127869.13,4813
2024-01-08,Facebook,Referral,210.66,3436.56,0.15,16.31,0.64,29592.44,9575
2024-05-13,Instagram,Pinterest,37.67,2692.28,0.27,71.47,0.67,8090.27,6594
2024-03-11,LinkedIn,Email,67.11,575.66,0.14,8.58,0.62,4631.3,3625
2024-03-16,Facebook,LinkedIn,153.53,989.49,0.19,6.44,0.34,5002.19,8315
2024-03-29,Pinterest,Direct,28.77,2727.49,0.2,94.8,0.32,23173.65,8867
2024-01-13,Instagram,LinkedIn,451.62,6901.49,0.22,15.28,0.3,12870.78,9285
2024-05-03,LinkedIn,LinkedIn,76.32,3914.3,0.06,51.29,0.22,13824.57,6418
2024-01-15,Twitter,Pinterest,351.89,21490.61,0.24,61.07,0.39,193594.92,496
2024-02-02,LinkedIn,Pinterest,140.95,7969.89,0.03,56.54,0.44,64436.48,2337
