date,platform,content_type,likes,shares,comments,impressions,engagements,engagement_rate
2024-01-03 15:24:31,Twitter,text,76,489,258,2282,823,0.36064855390008765
2024-02-02 01:28:39,Twitter,text,757,61,148,1851,966,0.5218800648298217
2024-02-04 11:44:05,Facebook,image,498,297,93,1172,888,0.757679180887372
2024-05-15 05:34:33,Twitter,text,635,142,21,3188,798,0.25031367628607276
2024-05-16 19:48:09,Twitter,text,433,376,57,5742,866,0.15081853012887494
2024-03-21 09:55:22,Twitter,video,494,215,300,2415,1009,0.4178053830227743
2024-01-24 09:00:29,Facebook,image,693,126,105,2795,924,0.33059033989266545
2024-05-09 13:36:50,Facebook,video,806,392,207,2827,1405,0.4969932790944464
2024-04-27 08:28:20,Twitter,image,512,406,205,4281,1123,0.26232188740948376
2024-01-31 07:51:23,Instagram,video,430,38,221,1531,689,0.45003265839320705
2024-03-04 05:04:04,LinkedIn,image,794,317,87,1116,1198,1.0734767025089607
2024-05-11 20:40:31,Facebook,image,37,42,44,3480,123,0.0353448275862069
2024-05-15 22:34:33,Facebook,text,334,342,169,2075,845,0.4072289156626506
2024-05-12 18:51:24,Twitter,video,668,368,202,1201,1238,1.0308076602830973
2024-04-12 08:42:39,Instagram,video,106,487,261,7568,854,0.11284355179704017
2024-03-07 20:46:39,Facebook,text,54,92,231,9265,377,0.04069077172153265
2024-04-15 17:24:20,Facebook,video,726,478,100,8031,1304,0.16237081309924045
2024-02-14 02:40:20,LinkedIn,video,487,465,294,4619,1246,0.2697553583026629
2024-05-17 05:47:13,Facebook,video,340,241,196,3069,777,0.25317693059628543
2024-02-12 08:17:24,Facebook,text,561,5,40,3363,606,0.1801962533452275
2024-05-23 07:35:20,Facebook,image,265,115,295,9282,675,0.07272139625080802
2024-03-05 16:12:38,Instagram,video,380,469,92,4962,941,0.18964127367996775
2024-05-07 15:40:05,Instagram,video,790,71,79,5604,940,0.16773733047822983
2024-01-18 21:03:45,LinkedIn,video,290,206,207,6346,703,0.11077844311377245
2024-02-04 15:05:10,LinkedIn,image,347,350,64,6811,761,0.11173102334458963
2024-04-25 08:16:05,Instagram,video,98,346,225,6844,669,0.09774985388661601
2024-01-14 20:32:32,Twitter,image,708,159,150,9814,1017,0.10362747095985327
2024-01-22 07:09:48,Instagram,video,444,111,191,2034,746,0.3667649950835792
2024-03-23 23:54:42,LinkedIn,video,370,156,122,5841,648,0.11093990755007704
2024-02-23 18:49:06,Facebook,video,767,333,185,4121,1285,0.31181752001941276
2024-04-20 12:14:22,LinkedIn,video,553,307,195,6002,1055,0.1757747417527491
2024-02-16 16:58:22,LinkedIn,image,718,153,77,7554,948,0.1254964257347101
2024-04-02 11:59:45,LinkedIn,text,902,60,233,4675,1195,0.2556149732620321
2024-03-03 00:14:46,Twitter,image,434,485,22,2203,941,0.4271448025419882
2024-01-26 23:06:18,LinkedIn,video,93,380,4,6803,477,0.0701161252388652
2024-05-18 09:16:52,Twitter,image,957,113,152,2120,1222,0.5764150943396227
2024-01-30 06:45:25,LinkedIn,video,258,47,125,4765,430,0.09024134312696747
2024-05-17 13:11:25,Facebook,image,605,43,258,4386,906,0.20656634746922026
2024-02-24 23:51:02,Facebook,image,400,14,287,1618,701,0.43325092707045737
2024-01-19 19:27:02,Twitter,text,680,444,182,5464,1306,0.2390190336749634
2024-01-14 00:59:51,Facebook,video,213,297,23,4128,533,0.12911821705426357
2024-05-10 00:09:25,Twitter,video,160,387,127,3739,674,0.18026210216635463
2024-05-19 17:03:43,Facebook,text,614,445,31,8124,1090,0.13417035942885278
2024-04-01 23:48:13,LinkedIn,video,843,167,168,3835,1178,0.3071707953063885
2024-03-12 11:58:10,Facebook,text,641,149,146,6027,936,0.15530114484818316
2024-01-25 12:00:11,LinkedIn,text,545,474,214,8577,1233,0.14375655823714587
2024-04-01 09:51:20,Twitter,video,85,44,244,1685,373,0.22136498516320474
2024-01-03 07:55:45,Twitter,video,823,179,239,5585,1241,0.22220232766338407
2024-02-24 00:39:54,LinkedIn,image,552,452,33,5540,1037,0.1871841155234657
2024-03-15 18:36:16,Instagram,image,161,204,54,1325,419,0.31622641509433963
2024-03-14 23:10:00,Instagram,video,647,346,197,7792,1190,0.15272073921971252
2024-03-28 12:19:55,Facebook,video,935,206,256,2898,1397,0.48205659075224294
2024-05-03 03:04:25,Instagram,video,708,134,190,2738,1032,0.3769174579985391
2024-03-22 18:08:31,Twitter,text,755,298,120,5205,1173,0.22536023054755044
2024-04-08 00:10:27,Twitter,video,754,69,58,2032,881,0.43356299212598426
2024-03-16 22:39:20,LinkedIn,text,852,391,49,3699,1292,0.34928359015950255
2024-04-06 14:08:33,Facebook,image,292,171,184,7301,647,0.0886179975345843
2024-05-22 19:07:05,LinkedIn,image,676,424,198,2556,1298,0.5078247261345853
2024-03-08 07:15:14,Facebook,text,135,205,56,8198,396,0.048304464503537446
2024-02-27 22:59:28,LinkedIn,video,354,212,26,6251,592,0.09470484722444408
2024-03-23 12:07:54,Instagram,video,33,156,84,1451,273,0.1881461061337009
2024-04-25 20:14:46,LinkedIn,image,902,421,33,2839,1356,0.47763296935540683
2024-03-05 03:14:29,LinkedIn,text,974,74,31,6043,1079,0.17855369849412545
2024-04-26 06:12:25,Twitter,image,451,45,96,9010,592,0.06570477247502775
2024-05-25 08:52:43,Facebook,text,959,152,241,5860,1352,0.23071672354948805
2024-02-01 13:52:13,LinkedIn,image,874,301,72,5006,1247,0.24910107870555334
2024-02-26 21:17:17,Twitter,text,674,107,282,1416,1063,0.7507062146892656
2024-03-10 13:59:22,Facebook,video,493,481,44,2112,1018,0.48200757575757575
2024-03-20 02:21:04,LinkedIn,video,101,108,268,1614,477,0.2955390334572491
2024-05-06 04:59:32,LinkedIn,text,625,368,209,8784,1202,0.13683970856102004
2024-04-13 16:16:05,LinkedIn,video,310,223,202,7269,735,0.1011143210895584
2024-05-25 00:17:05,LinkedIn,image,326,174,292,1746,792,0.4536082474226804
2024-02-25 02:26:06,Twitter,image,707,75,260,9422,1042,0.11059223094884313
2024-04-30 15:00:11,Twitter,text,311,128,186,8709,625,0.07176484096911241
2024-05-16 06:59:25,LinkedIn,image,582,316,11,4802,909,0.18929612661391088
2024-01-29 06:41:23,Twitter,image,849,449,7,6007,1305,0.2172465456966872
2024-05-23 19:22:47,LinkedIn,video,691,355,112,7165,1158,0.16161898115840892
2024-02-24 12:29:47,Twitter,text,695,247,46,5445,988,0.18145087235996327
2024-04-22 12:34:15,Twitter,video,220,493,275,1436,988,0.6880222841225627
2024-01-14 21:30:32,LinkedIn,text,400,276,133,7499,809,0.10788105080677424
2024-03-06 12:12:31,LinkedIn,video,537,399,85,1886,1021,0.54135737009544
2024-02-16 10:59:49,Twitter,image,290,167,38,7016,495,0.07055302166476625
2024-01-07 18:34:14,Twitter,video,539,402,277,6490,1218,0.187673343605547
2024-01-07 18:11:47,Facebook,image,324,196,90,7672,610,0.07950990615224192
2024-03-20 21:23:13,Facebook,text,171,68,42,7316,281,0.03840896664844177
2024-03-23 12:42:35,Twitter,video,430,87,151,9896,668,0.06750202101859337
2024-04-27 04:31:54,Facebook,image,909,333,82,7997,1324,0.1655620857821683
2024-05-01 14:55:39,Twitter,text,442,0,133,8900,575,0.06460674157303371
2024-01-19 13:54:29,Facebook,image,349,177,248,1010,774,0.7663366336633664
2024-03-23 10:22:46,Twitter,image,831,148,3,7427,982,0.13222027736636596
2024-01-01 03:07:35,Instagram,video,232,464,110,3980,806,0.20251256281407035
2024-03-13 03:58:34,Facebook,image,1000,123,206,1893,1329,0.7020602218700476
2024-01-03 20:13:03,Facebook,video,331,61,284,1843,676,0.3667932718393923
2024-01-31 04:50:36,Twitter,image,645,402,284,9097,1331,0.14631197097944376
2024-02-08 08:27:33,LinkedIn,text,253,297,65,1157,615,0.5315471045808124
2024-04-17 16:29:06,Facebook,image,151,323,110,5189,584,0.11254576989786086
2024-04-08 07:33:59,Facebook,video,167,150,125,3883,442,0.11382951326294102
2024-02-09 12:49:53,Instagram,image,48,174,165,3938,387,0.09827323514474352
2024-03-14 14:04:18,Twitter,video,201,143,163,4481,507,0.11314438741352377
2024-01-14 14:35:15,Instagram,text,699,71,130,9830,900,0.09155645981688708
2024-01-07 10:42:04,LinkedIn,video,671,61,211,9565,943,0.09858860428646106
2024-05-14 23:37:24,Twitter,image,770,111,41,4753,922,0.19398274773827057
2024-04-26 21:52:22,Twitter,text,456,210,295,4011,961,0.23959112440787833
2024-01-03 20:27:48,LinkedIn,text,215,266,21,5080,502,0.09881889763779528
2024-02-20 18:25:39,LinkedIn,image,125,151,114,1394,390,0.2797704447632712
2024-05-03 06:24:08,Instagram,image,70,108,7,8008,185,0.0231018981018981
2024-01-27 22:19:57,Twitter,image,717,334,267,3395,1318,0.3882179675994109
2024-05-21 22:33:43,LinkedIn,text,722,321,168,7021,1211,0.17248255234297108
2024-02-28 10:51:32,Twitter,video,207,438,57,4853,702,0.14465279208736864
2024-04-25 00:51:58,Instagram,image,338,221,195,2522,754,0.29896907216494845
2024-01-01 18:19:56,Twitter,text,658,421,115,7015,1194,0.17020669992872417
2024-04-17 09:58:27,LinkedIn,image,791,135,224,3125,1150,0.368
2024-02-22 03:44:50,Instagram,image,750,8,185,3199,943,0.29477961863082214
2024-01-20 13:43:10,LinkedIn,text,516,409,280,7597,1205,0.1586152428590233
2024-02-23 09:35:29,Instagram,text,37,32,278,5596,347,0.06200857755539671
2024-05-22 17:58:55,Instagram,text,577,418,65,1466,1060,0.723055934515689
2024-02-11 06:14:52,Twitter,image,772,280,117,5733,1169,0.2039072039072039
2024-05-11 06:27:40,Instagram,image,675,231,82,4049,988,0.24401086688071127
2024-05-06 00:53:21,Facebook,image,642,26,251,6957,919,0.13209716831967802
2024-01-08 00:31:31,Instagram,text,173,285,24,6641,482,0.07257943080861316
2024-02-08 06:26:14,Facebook,text,302,467,107,1848,876,0.474025974025974
2024-01-12 11:06:07,LinkedIn,text,963,426,99,5766,1488,0.25806451612903225
2024-02-11 22:13:32,Instagram,image,878,266,170,1302,1314,1.0092165898617511
2024-05-06 12:19:10,Facebook,text,578,277,26,4348,881,0.20262189512419504
2024-04-27 09:19:33,Twitter,image,402,34,21,5444,457,0.08394562821454812
2024-01-07 13:24:41,LinkedIn,image,602,252,67,7808,921,0.11795594262295082
2024-04-15 03:15:07,Twitter,text,434,221,37,1092,692,0.6336996336996337
2024-03-13 16:51:17,Twitter,video,472,40,13,8865,525,0.05922165820642978
2024-01-24 15:25:00,Instagram,image,256,356,39,6150,651,0.10585365853658536
2024-02-21 14:12:19,Instagram,video,132,262,132,1955,526,0.2690537084398977
2024-05-20 22:07:16,Instagram,video,304,434,145,5360,883,0.16473880597014925
2024-02-07 13:52:27,LinkedIn,video,665,68,261,8018,994,0.12397106510351709
2024-03-30 00:29:06,Facebook,text,864,242,81,5635,1187,0.21064773735581188
2024-03-29 12:29:12,LinkedIn,video,686,14,63,7070,763,0.10792079207920792
2024-04-03 06:16:09,Facebook,video,495,475,164,4196,1134,0.2702573879885605
2024-05-25 00:10:54,Twitter,text,462,21,65,7099,548,0.07719397098182842
2024-05-19 01:16:12,Facebook,video,246,356,87,7827,689,0.08802861888335249
2024-03-18 04:57:43,Instagram,image,137,118,233,3606,488,0.1353300055463117
2024-04-20 14:30:24,Facebook,image,981,287,226,3081,1494,0.48490749756572543
2024-04-20 01:21:24,Facebook,image,645,182,133,1586,960,0.605296343001261
2024-05-17 03:49:07,LinkedIn,video,839,453,248,1377,1540,1.1183732752360203
2024-05-22 11:26:59,Facebook,video,775,420,258,1817,1453,0.7996697853604843
2024-03-14 08:57:01,LinkedIn,image,372,497,183,1444,1052,0.7285318559556787
2024-03-19 23:00:03,Instagram,image,41,452,25,5133,518,0.10091564387297876
2024-03-29 21:50:25,Facebook,text,380,15,259,2160,654,0.30277777777777776
2024-05-13 19:55:08,Instagram,video,665,326,260,7257,1251,0.17238528317486565
2024-05-02 03:21:48,Instagram,text,547,337,107,4401,991,0.22517609634174052
2024-02-24 16:08:09,Instagram,video,804,233,70,7295,1107,0.15174777244688142
2024-01-09 01:36:36,Twitter,video,358,433,289,4909,1080,0.22000407414952128
2024-03-11 22:45:37,Twitter,text,534,8,170,1370,712,0.5197080291970803
2024-01-09 04:53:50,Instagram,text,640,229,145,5412,1014,0.18736141906873613
2024-04-21 08:05:31,LinkedIn,image,150,363,43,7882,556,0.07054047196143111
2024-05-07 00:42:16,Facebook,image,989,140,270,3942,1399,0.35489599188229326
2024-01-29 21:26:51,Instagram,text,741,47,19,8929,807,0.09037966177623474
2024-05-01 11:42:21,Twitter,text,571,266,239,5542,1076,0.19415373511367737
2024-05-01 23:57:08,Instagram,text,504,407,63,1112,974,0.8758992805755396
2024-01-20 06:42:05,Facebook,video,980,29,73,9698,1082,0.11156939575170138
2024-05-09 06:29:01,Instagram,video,295,101,212,9402,608,0.06466709210806211
2024-02-28 06:36:06,Twitter,text,187,229,55,7543,471,0.06244199920456052
2024-04-19 09:57:20,Twitter,text,920,176,206,4801,1302,0.2711935013538846
2024-01-26 15:34:38,LinkedIn,text,313,149,29,2849,491,0.17234117234117233
2024-02-05 04:02:19,LinkedIn,text,413,213,15,6411,641,0.09998440180939011
2024-02-05 06:49:59,Facebook,text,904,7,196,3587,1107,0.30861444103707836
2024-01-02 02:51:49,Twitter,video,144,469,138,4018,751,0.18690890990542558
2024-01-07 10:36:07,Instagram,video,852,98,129,5417,1079,0.199187742292782
2024-05-14 06:06:21,Instagram,image,934,249,244,5837,1427,0.2444749014904917
2024-01-01 10:38:35,Instagram,video,357,227,225,5389,809,0.15012061606977176
2024-04-22 16:35:05,Facebook,text,385,205,119,9933,709,0.07137823416893184
2024-03-14 01:47:50,LinkedIn,image,98,25,88,3599,211,0.058627396499027505
2024-01-18 03:29:21,LinkedIn,video,246,108,281,7982,635,0.07955399649210725
2024-05-06 15:30:17,Instagram,image,117,152,117,2955,386,0.13062605752961082
2024-03-15 19:33:15,Twitter,text,468,19,142,5571,629,0.11290612098366541
2024-01-23 09:43:13,Instagram,image,223,94,19,1989,336,0.1689291101055807
2024-01-31 04:21:51,LinkedIn,video,660,375,243,3607,1278,0.35431106182423067
2024-02-13 03:09:13,Instagram,text,148,130,23,2091,301,0.1439502630320421
2024-03-16 07:33:33,Facebook,image,741,349,171,8190,1261,0.15396825396825398
2024-04-01 15:18:36,Instagram,video,625,193,261,9298,1079,0.11604646160464616
2024-04-29 15:35:23,Twitter,image,224,291,134,7464,649,0.08695069667738478
2024-05-07 06:21:02,Instagram,video,356,279,93,3401,728,0.2140546897971185
2024-05-03 06:30:19,Twitter,text,383,404,274,6828,1061,0.15538957234915055
2024-04-11 10:13:04,Facebook,text,599,448,52,1864,1099,0.5895922746781116
2024-04-28 04:56:48,LinkedIn,text,681,250,4,8921,935,0.10480887792848335
2024-01-23 11:02:35,LinkedIn,text,928,262,15,2840,1205,0.4242957746478873
2024-05-22 01:22:45,Facebook,video,963,31,54,7431,1048,0.14103081684833804
2024-03-12 03:47:08,Instagram,image,51,357,197,8956,605,0.06755247878517195
2024-03-08 13:10:37,Facebook,image,445,492,18,1129,955,0.845881310894597
2024-02-12 21:44:13,Facebook,image,318,365,290,8523,973,0.11416168015956822
2024-03-02 09:22:11,LinkedIn,video,729,278,164,9907,1171,0.11819925305339658
2024-05-06 08:34:52,Instagram,image,700,96,194,2948,990,0.3358208955223881
2024-03-05 14:42:35,Twitter,text,250,29,196,2465,475,0.1926977687626775
2024-01-31 10:12:47,Twitter,image,165,168,104,4064,437,0.10752952755905512
2024-05-02 01:18:52,Facebook,video,237,43,42,2667,322,0.12073490813648294
2024-05-11 17:01:39,Facebook,video,424,94,195,5266,713,0.13539688568173186
2024-04-15 17:17:23,Instagram,text,763,134,118,4474,1015,0.22686633884666965
2024-04-25 15:54:22,Instagram,text,643,28,73,3265,744,0.22787136294027566
2024-05-05 19:10:39,LinkedIn,video,869,28,234,2749,1131,0.411422335394689
2024-03-30 14:20:32,Instagram,image,7,15,136,6683,158,0.02364207691156666
2024-01-10 03:18:02,Twitter,video,858,8,194,6791,1060,0.15608894124576644
2024-01-05 09:48:53,Instagram,video,795,367,138,7373,1300,0.17631900176319001
2024-01-16 23:22:49,Twitter,text,3,7,117,4161,127,0.030521509252583512
2024-05-04 00:17:52,Instagram,image,845,495,121,9080,1461,0.16090308370044054
2024-02-04 13:55:40,Instagram,image,616,292,15,2456,923,0.375814332247557
2024-01-07 20:50:45,Facebook,video,14,96,286,3366,396,0.11764705882352941
2024-05-02 04:17:55,Instagram,text,984,471,251,6259,1706,0.2725675027959738
2024-01-28 21:50:49,Twitter,text,340,112,205,6903,657,0.09517601043024772
2024-01-08 12:46:51,Facebook,text,843,170,210,7157,1223,0.1708816543244376
2024-01-17 05:13:43,Instagram,image,670,487,112,1435,1269,0.8843205574912892
2024-05-04 17:46:28,LinkedIn,video,719,77,30,2089,826,0.395404499760651
2024-03-23 13:00:34,LinkedIn,image,164,455,105,2402,724,0.3014154870940883
2024-04-01 04:04:52,Twitter,video,899,432,123,9800,1454,0.1483673469387755
2024-04-03 05:25:48,LinkedIn,image,712,4,186,1363,902,0.6617754952311079
2024-03-24 13:42:03,Twitter,text,12,101,223,8147,336,0.041242175033754755
2024-02-27 05:07:42,LinkedIn,video,326,55,10,5491,391,0.07120743034055728
2024-03-18 05:56:35,Instagram,image,32,135,56,4017,223,0.05551406522280309
2024-04-15 22:02:14,Twitter,text,425,275,101,3853,801,0.2078899558785362
2024-01-25 03:35:19,Facebook,image,701,475,92,5564,1268,0.22789360172537743
2024-01-01 09:42:04,LinkedIn,image,765,387,59,4800,1211,0.2522916666666667
2024-05-23 21:53:10,Facebook,text,87,116,185,3990,388,0.09724310776942356
2024-05-04 04:23:36,Instagram,image,145,459,175,3964,779,0.196518668012109
2024-03-14 13:20:12,Twitter,image,886,459,206,7283,1551,0.21296169161060002
2024-04-13 12:47:05,LinkedIn,video,437,123,196,3136,756,0.24107142857142858
2024-03-24 14:26:22,Instagram,text,213,466,241,6009,920,0.1531036778166084
2024-01-03 13:50:40,Instagram,image,345,350,5,4386,700,0.15959872321021432
2024-02-01 17:09:35,LinkedIn,image,795,192,132,3724,1119,0.30048335123523096
2024-03-14 22:23:34,Twitter,video,527,422,152,3036,1101,0.36264822134387353
2024-04-15 17:15:13,LinkedIn,image,24,158,221,6865,403,0.05870356882738529
2024-04-08 12:34:50,LinkedIn,video,246,319,71,7394,636,0.08601568839599676
2024-05-20 07:08:52,Instagram,text,0,420,247,5794,667,0.11511908871246117
2024-02-05 22:27:25,Instagram,image,398,500,153,3413,1051,0.3079402285379432
2024-01-30 22:42:57,Facebook,image,543,172,117,7463,832,0.11148331770065657
2024-01-31 07:28:30,LinkedIn,image,253,401,72,6477,726,0.11208893006021306
2024-03-29 01:16:29,Twitter,video,864,240,282,7189,1386,0.19279454722492698
2024-02-19 17:57:29,LinkedIn,video,59,96,141,1209,296,0.24483043837882548
2024-01-22 20:54:01,LinkedIn,image,274,275,138,2847,687,0.24130663856691253
2024-01-26 02:17:01,LinkedIn,video,179,397,51,9856,627,0.06361607142857142
2024-04-09 08:43:37,Facebook,image,88,207,52,1737,347,0.19976971790443293
2024-02-13 11:01:11,Twitter,text,293,180,265,1490,738,0.49530201342281877
2024-05-11 20:56:27,Facebook,text,194,362,252,2954,808,0.27352742044685174
2024-01-23 22:57:41,Instagram,image,197,125,171,8903,493,0.05537459283387622
2024-02-22 18:32:22,Facebook,text,688,165,57,7104,910,0.12809684684684686
2024-05-06 00:41:39,LinkedIn,image,723,365,82,6275,1170,0.18645418326693228
2024-04-11 11:43:21,Twitter,image,507,98,264,3966,869,0.21911245587493697
2024-04-12 00:29:48,Facebook,video,719,191,194,3887,1104,0.28402366863905326
2024-02-16 07:22:31,Facebook,video,470,458,85,5232,1013,0.19361620795107035
2024-05-25 05:40:34,LinkedIn,image,573,25,50,7281,648,0.08899876390605686
2024-05-03 16:25:51,Instagram,text,173,76,140,9010,389,0.04317425083240844
2024-01-23 07:26:01,Twitter,video,73,159,44,4822,276,0.05723766072169224
2024-05-24 15:26:10,Twitter,video,691,15,71,3603,777,0.21565362198168192
2024-01-04 01:46:03,Twitter,image,323,413,205,2588,941,0.36360123647604325
2024-03-14 14:42:42,LinkedIn,text,365,402,291,3063,1058,0.34541299379693113
2024-01-10 05:19:27,LinkedIn,image,171,239,76,1335,486,0.36404494382022473
2024-03-08 15:55:54,LinkedIn,text,786,414,264,3459,1464,0.42324371205550737
2024-04-23 20:53:23,Facebook,text,414,35,190,4833,639,0.13221601489757914
2024-01-18 04:06:37,Instagram,video,97,357,95,4651,549,0.11803913136959794
2024-02-16 23:04:29,Instagram,image,752,397,95,1148,1244,1.083623693379791
2024-03-15 04:10:24,Instagram,video,217,369,300,8603,886,0.10298733000116239
2024-01-16 21:38:11,Facebook,image,169,144,187,9189,500,0.054412884971161174
2024-04-17 00:23:31,Facebook,video,757,181,140,8450,1078,0.12757396449704142
2024-05-21 22:06:47,Facebook,image,172,143,15,5219,330,0.06323050392795555
2024-03-04 15:39:09,Twitter,text,199,192,194,1910,585,0.306282722513089
2024-04-30 05:23:00,Twitter,video,590,492,193,9621,1275,0.13252260679763017
2024-01-01 15:47:08,Twitter,text,955,230,40,2410,1225,0.508298755186722
2024-04-27 01:30:19,Twitter,image,726,325,159,3462,1210,0.34950895436164064
2024-02-08 06:12:53,Twitter,image,560,294,144,7670,998,0.1301173402868318
2024-04-09 03:43:33,LinkedIn,image,15,303,155,2309,473,0.20485058466868775
2024-03-12 16:21:54,LinkedIn,image,609,363,87,2224,1059,0.4761690647482014
2024-02-16 02:29:34,Instagram,image,313,4,127,6648,444,0.06678700361010831
2024-03-03 13:56:02,Twitter,image,437,306,118,8988,861,0.09579439252336448
2024-03-15 02:49:53,LinkedIn,image,183,119,206,3900,508,0.13025641025641024
2024-04-19 07:19:04,LinkedIn,video,68,361,117,6590,546,0.08285280728376328
2024-02-02 00:56:46,LinkedIn,video,118,320,22,1376,460,0.33430232558139533
2024-01-01 06:55:34,Twitter,image,33,8,259,9468,300,0.031685678073510776
2024-04-21 13:44:45,Instagram,text,901,268,216,8734,1385,0.15857568124570642
2024-03-21 02:07:47,Twitter,image,618,227,130,3744,975,0.2604166666666667
2024-03-18 20:59:50,Twitter,video,563,335,89,3339,987,0.29559748427672955
2024-03-05 05:51:23,Twitter,text,915,493,292,8713,1700,0.19511075404567887
2024-04-28 09:29:35,Twitter,text,979,105,257,7943,1341,0.16882789877879895
2024-04-18 17:29:01,Facebook,text,855,225,7,6549,1087,0.16597953886089478
2024-05-12 14:51:24,Instagram,video,99,393,60,9793,552,0.05636679260696416
2024-01-11 03:26:52,LinkedIn,image,991,404,243,4056,1638,0.40384615384615385
2024-04-13 04:31:36,Instagram,text,197,330,55,6350,582,0.09165354330708661
2024-02-29 22:45:58,Twitter,video,585,380,30,6359,995,0.15647114326151912
2024-02-06 14:28:45,Facebook,text,440,299,186,8015,925,0.11540860885839052
2024-04-05 00:39:23,Twitter,video,380,86,173,5550,639,0.11513513513513514
2024-03-05 17:29:52,Facebook,image,773,89,281,2812,1143,0.4064722617354196
2024-02-29 19:40:20,Twitter,text,96,116,8,8741,220,0.025168744994851847
2024-04-04 10:46:34,LinkedIn,text,878,247,250,2940,1375,0.467687074829932
2024-02-01 15:07:15,LinkedIn,video,199,172,153,2730,524,0.19194139194139195
2024-03-16 16:24:11,LinkedIn,video,788,113,66,7690,967,0.1257477243172952
2024-01-27 03:19:49,Twitter,video,874,479,28,6917,1381,0.19965302876969784
2024-04-16 11:15:45,Facebook,video,221,93,172,4634,486,0.10487699611566681
2024-01-09 01:05:38,Twitter,image,654,467,57,8242,1178,0.14292647415675808
2024-04-20 12:29:34,Instagram,text,453,41,128,3661,622,0.16989893471729037
2024-01-10 05:20:49,Twitter,text,208,55,115,1682,378,0.22473246135552913
2024-03-10 19:32:54,Twitter,video,551,201,19,8534,771,0.09034450433559878
2024-05-23 08:08:44,Instagram,text,885,115,255,8521,1255,0.14728318272503227
2024-01-08 00:50:46,Facebook,video,311,184,175,8475,670,0.07905604719764012
2024-05-04 20:54:44,Twitter,text,875,438,111,1423,1424,1.000702740688686
2024-05-12 00:53:36,Twitter,video,721,413,85,7800,1219,0.15628205128205128
2024-05-06 22:40:11,Facebook,image,539,291,77,3862,907,0.23485240807871569
2024-05-02 20:05:15,Instagram,image,731,123,136,6289,990,0.15741771346795994
2024-01-22 07:19:49,Twitter,video,877,436,103,9370,1416,0.1511205976520811
2024-03-17 07:40:41,LinkedIn,text,942,45,78,8914,1065,0.11947498317253759
2024-03-23 22:13:13,Facebook,text,414,445,99,5036,958,0.19023034154090548
2024-05-14 20:29:21,Instagram,image,215,353,74,3304,642,0.19430992736077482
2024-02-18 11:43:57,LinkedIn,video,475,135,129,5289,739,0.1397239553790887
2024-01-06 13:47:24,Instagram,image,380,399,69,8804,848,0.0963198546115402
2024-04-28 01:21:12,Twitter,image,581,312,271,9005,1164,0.12926152137701277
2024-02-19 08:52:39,Twitter,video,6,40,186,4867,232,0.047667967947400865
2024-03-09 03:43:52,Instagram,video,417,421,28,7840,866,0.1104591836734694
2024-05-01 13:56:38,Instagram,text,472,460,114,7348,1046,0.14235166031573218
2024-03-22 16:30:03,Facebook,video,523,409,169,5819,1101,0.18920776765767314
2024-03-01 00:10:09,Instagram,image,476,231,205,3005,912,0.30349417637271214
2024-02-13 14:43:05,Instagram,video,962,41,92,7510,1095,0.14580559254327563
2024-03-23 07:19:05,LinkedIn,text,668,403,50,9318,1121,0.12030478643485727
2024-02-16 20:15:43,LinkedIn,text,668,31,165,5011,864,0.17242067451606466
2024-04-17 11:56:04,LinkedIn,video,982,455,272,9112,1709,0.1875548726953468
2024-05-24 11:15:34,Instagram,video,650,154,227,5279,1031,0.19530214055692366
2024-02-19 14:03:23,Facebook,video,602,82,140,2108,824,0.3908918406072106
2024-03-04 11:40:42,LinkedIn,text,130,60,70,8802,260,0.029538741195182912
2024-04-08 00:42:17,Facebook,text,116,405,76,3238,597,0.18437306979617046
2024-02-18 13:15:49,Facebook,text,128,393,274,5576,795,0.14257532281205165
2024-04-13 11:49:46,Facebook,video,762,367,279,3716,1408,0.3789020452099031
2024-04-29 17:22:20,LinkedIn,video,416,344,9,8575,769,0.0896793002915452
2024-03-02 01:15:05,Facebook,text,588,377,89,5829,1054,0.18082003774232286
2024-03-02 02:09:31,LinkedIn,image,261,406,217,5855,884,0.15098206660973526
2024-03-10 12:31:20,Twitter,text,822,240,284,5933,1346,0.226866677903253
2024-01-20 00:06:31,LinkedIn,text,181,236,205,4455,622,0.13961840628507294
2024-03-14 23:18:32,Twitter,text,469,85,81,4582,635,0.13858577040593628
2024-01-23 06:37:55,Twitter,text,34,491,179,5892,704,0.11948404616429056
2024-04-01 15:27:22,LinkedIn,text,133,266,50,6119,449,0.07337800294165714
2024-01-06 04:13:08,Instagram,image,782,166,227,6848,1175,0.17158294392523366
2024-03-30 08:30:27,Twitter,text,652,198,153,5970,1003,0.16800670016750419
2024-03-17 21:13:43,LinkedIn,image,57,260,106,5752,423,0.07353963838664812
2024-02-19 16:37:08,LinkedIn,video,528,379,89,8844,996,0.11261872455902307
2024-04-19 18:17:28,Facebook,image,952,158,204,9850,1314,0.1334010152284264
2024-04-21 22:01:19,Facebook,image,181,49,227,1742,457,0.26234213547646384
2024-01-02 19:32:09,Instagram,text,312,482,81,1268,875,0.6900630914826499
2024-03-06 19:58:38,Twitter,video,101,150,168,8340,419,0.05023980815347722
2024-01-28 20:06:10,LinkedIn,video,233,390,202,1284,825,0.6425233644859814
2024-03-30 08:45:58,Instagram,image,669,416,3,5054,1088,0.2152750296794618
2024-01-31 13:25:52,Instagram,text,827,341,137,4803,1305,0.2717051842598376
2024-05-24 01:14:14,Instagram,text,376,15,258,5119,649,0.12678257472162532
2024-01-23 11:45:18,Instagram,video,652,46,5,7624,703,0.09220881427072403
2024-04-21 13:10:06,LinkedIn,image,592,360,225,5975,1177,0.19698744769874477
2024-01-20 02:35:29,LinkedIn,image,811,334,109,6195,1254,0.20242130750605328
2024-03-03 14:39:04,Instagram,text,234,166,174,3886,574,0.14770972722593928
2024-05-25 05:38:56,Facebook,video,993,114,145,1555,1252,0.805144694533762
2024-01-11 18:51:48,LinkedIn,image,673,167,6,2158,846,0.39202965708989806
2024-02-28 02:42:18,Instagram,video,674,387,150,5112,1211,0.23689358372456965
2024-04-17 08:51:20,Instagram,image,704,182,263,2773,1149,0.4143526866209881
2024-01-19 05:36:43,Instagram,video,877,185,216,4213,1278,0.30334678376453833
2024-04-08 11:54:31,Twitter,video,308,130,201,8597,639,0.07432825404210772
2024-01-06 21:45:49,LinkedIn,text,747,414,240,9582,1401,0.14621164683782092
2024-01-04 08:44:34,LinkedIn,image,776,418,37,1468,1231,0.8385558583106267
2024-03-29 03:36:52,Facebook,video,750,454,283,8149,1487,0.18247637746962816
2024-04-27 23:03:45,Twitter,text,802,59,45,9193,906,0.0985532470357881
2024-01-03 08:34:36,Twitter,text,803,36,15,4290,854,0.19906759906759908
2024-04-05 10:04:43,Facebook,image,879,399,165,6400,1443,0.22546875
2024-05-14 17:20:25,Facebook,image,939,155,233,1013,1327,1.3099703849950641
2024-03-15 16:11:02,Facebook,video,611,186,48,4963,845,0.1702599234334072
2024-01-26 12:44:05,LinkedIn,image,875,455,124,9042,1454,0.16080513160805132
2024-02-10 03:48:30,LinkedIn,video,707,54,231,8856,992,0.1120144534778681
2024-04-08 18:27:05,Twitter,text,544,84,266,1872,894,0.4775641025641026
2024-01-17 00:56:56,Facebook,text,5,153,42,6562,200,0.03047851264858275
2024-04-08 06:47:30,Twitter,image,186,114,50,5175,350,0.06763285024154589
2024-03-08 23:56:25,Instagram,text,581,254,174,3708,1009,0.2721143473570658
2024-05-09 10:16:14,LinkedIn,image,614,119,32,6556,765,0.11668700427089689
2024-03-19 08:59:34,Twitter,text,378,68,167,8037,613,0.0762722408859027
2024-05-22 17:11:12,Instagram,video,929,175,203,8698,1307,0.15026442860427686
2024-05-24 06:29:51,Instagram,image,668,168,23,8863,859,0.09691977885591786
2024-03-16 07:52:39,Instagram,text,269,10,235,9750,514,0.052717948717948715
2024-02-10 11:34:46,Instagram,image,588,190,35,6766,813,0.12015962163759976
2024-02-21 05:50:08,Twitter,video,393,37,198,9558,628,0.06570412220129734
2024-03-22 03:30:21,Facebook,text,936,133,43,3361,1112,0.3308539125260339
2024-02-19 14:03:18,Facebook,video,711,274,260,9919,1245,0.12551668514971268
2024-02-20 07:39:19,Instagram,video,255,29,221,5140,505,0.09824902723735408
2024-05-22 22:25:22,Facebook,image,229,181,1,6754,411,0.06085282795380515
2024-02-16 08:45:14,Instagram,video,479,176,148,2814,803,0.2853589196872779
2024-03-07 12:52:37,Facebook,video,586,467,84,5291,1137,0.2148932148932149
2024-04-28 23:45:41,Facebook,video,439,118,75,8633,632,0.0732074597474806
2024-03-08 19:27:12,LinkedIn,video,193,207,80,6875,480,0.06981818181818182
2024-04-11 13:03:13,Facebook,text,314,216,64,4865,594,0.12209660842754368
2024-03-01 15:02:38,Twitter,video,619,5,281,9595,905,0.09431995831162064
2024-04-14 13:19:29,LinkedIn,text,398,101,85,9868,584,0.05918119173084718
2024-04-07 17:05:56,LinkedIn,image,781,376,122,6528,1279,0.1959252450980392
2024-01-15 02:16:31,LinkedIn,video,938,409,140,3923,1487,0.3790466479734897
2024-01-11 19:58:00,Instagram,video,400,395,5,5821,800,0.1374334306820134
2024-01-21 12:14:02,Twitter,video,863,385,151,4018,1399,0.3481831757093081
2024-05-18 08:29:13,LinkedIn,text,266,80,238,5958,584,0.09801946962067808
2024-03-13 05:14:22,Twitter,text,119,293,132,2127,544,0.2557592853784673
2024-04-06 07:33:57,LinkedIn,image,522,19,183,3761,724,0.19250199415049188
2024-05-03 07:33:06,LinkedIn,text,473,290,142,9093,905,0.09952710876498405
2024-05-12 11:28:08,Facebook,text,769,326,27,8024,1122,0.13983050847457626
2024-03-27 00:27:25,LinkedIn,text,813,480,128,5225,1421,0.2719617224880383
2024-02-21 04:43:28,Twitter,text,217,329,8,3562,554,0.15553060078607525
2024-04-08 08:21:54,Twitter,image,977,350,284,9372,1611,0.17189500640204866
2024-03-20 22:44:13,Facebook,image,26,390,154,3945,570,0.1444866920152091
2024-02-06 16:48:44,Facebook,image,316,207,12,1954,535,0.27379733879222107
2024-04-04 08:12:21,Twitter,video,467,361,62,4132,890,0.2153920619554695
2024-02-26 22:07:13,Instagram,video,996,104,235,8143,1335,0.1639444922018912
2024-01-13 17:34:45,Instagram,text,328,213,178,2807,719,0.2561453509084432
2024-01-29 18:23:53,Twitter,text,13,187,266,4303,466,0.10829653729955845
2024-03-07 05:08:05,Instagram,text,383,331,18,2265,732,0.32317880794701986
2024-02-02 09:47:17,Twitter,video,523,105,86,8004,714,0.08920539730134933
2024-05-06 08:50:59,LinkedIn,text,879,381,97,9774,1357,0.1388377327603847
2024-05-11 09:20:38,Instagram,text,62,28,90,1152,180,0.15625
2024-05-02 01:29:36,LinkedIn,video,394,228,253,6702,875,0.13055804237541033
2024-03-04 13:43:02,Twitter,video,818,492,223,8846,1533,0.17329866606375763
2024-05-13 03:01:03,LinkedIn,video,683,479,250,7823,1412,0.1804934168477566
2024-05-02 11:23:32,Instagram,text,138,479,160,2958,777,0.26267748478701824
2024-02-15 13:29:18,Facebook,image,431,248,283,6942,962,0.13857677902621723
2024-01-20 03:47:44,Facebook,video,847,474,234,9064,1555,0.17155781112091792
2024-04-21 17:43:03,Instagram,video,430,79,223,6466,732,0.11320754716981132
2024-04-27 14:04:44,Facebook,video,343,398,166,3542,907,0.25607001693958215
2024-03-17 11:37:12,Instagram,text,902,116,246,2579,1264,0.49011244668476156
2024-05-20 13:33:26,Instagram,video,947,497,120,9888,1564,0.1581715210355987
2024-04-13 08:33:42,Twitter,text,36,47,76,2322,159,0.06847545219638243
2024-01-30 05:35:50,LinkedIn,text,69,398,288,6176,755,0.12224740932642487
2024-02-08 09:56:55,Twitter,image,110,60,11,1240,181,0.14596774193548387
2024-01-14 13:03:48,LinkedIn,image,911,139,92,8645,1142,0.13209947946790052
2024-04-06 11:42:53,LinkedIn,video,513,151,38,7925,702,0.08858044164037855
2024-04-02 03:45:01,Facebook,image,804,176,282,9974,1262,0.12652897533587326
2024-03-10 22:55:30,Instagram,image,902,222,48,6380,1172,0.18369905956112853
2024-03-08 01:47:26,LinkedIn,video,101,201,79,8278,381,0.046025610050736895
2024-02-17 22:08:11,Instagram,image,23,122,204,7718,349,0.04521896864472661
2024-05-11 07:59:52,Facebook,text,966,462,211,7937,1639,0.2065011969257906
2024-04-03 11:52:54,Instagram,text,732,184,12,9100,928,0.10197802197802198
2024-03-19 19:08:26,Instagram,text,257,319,5,3796,581,0.1530558482613277
2024-05-20 17:27:19,Instagram,text,184,212,100,3594,496,0.13800779076238176
2024-01-09 20:17:58,LinkedIn,text,253,47,111,3490,411,0.1177650429799427
2024-02-07 22:54:47,LinkedIn,image,355,367,37,6159,759,0.12323429128105212
2024-01-07 09:05:50,LinkedIn,image,561,317,76,3179,954,0.30009436929852157
2024-03-30 12:37:06,Facebook,video,89,273,148,4708,510,0.10832625318606627
2024-03-13 21:38:58,Instagram,text,826,479,284,9758,1589,0.16284074605451937
2024-04-17 12:24:43,LinkedIn,video,315,53,61,8765,429,0.04894466628636623
2024-03-04 07:55:58,Facebook,text,616,489,253,2180,1358,0.6229357798165137
2024-05-18 09:30:24,LinkedIn,image,589,227,133,6969,949,0.1361744870139188
2024-01-23 06:47:00,Facebook,video,753,432,181,7910,1366,0.17269279393173198
2024-04-13 20:36:32,Instagram,video,109,474,50,1215,633,0.5209876543209877
2024-03-22 19:45:15,Instagram,image,169,435,36,1636,640,0.39119804400978
2024-02-11 14:28:21,Facebook,video,110,90,162,7147,362,0.05065062263886946
2024-03-11 03:54:50,LinkedIn,image,730,250,94,7893,1074,0.13606993538578488
2024-02-23 10:53:47,Twitter,text,384,246,136,8874,766,0.08631958530538653
2024-02-07 22:19:30,Twitter,video,93,345,9,5454,447,0.08195819581958196
2024-02-08 07:12:49,Facebook,image,238,103,160,8282,501,0.06049263462931659
2024-04-25 20:12:35,LinkedIn,text,913,125,258,1506,1296,0.8605577689243028
2024-01-13 06:02:51,Instagram,text,59,262,275,4025,596,0.1480745341614907
2024-01-05 13:49:16,Instagram,text,231,389,39,2130,659,0.30938967136150236
2024-04-05 03:18:47,Twitter,video,368,19,24,7218,411,0.056940980881130504
2024-04-15 10:45:16,LinkedIn,text,864,25,2,1503,891,0.592814371257485
2024-01-06 04:23:24,Twitter,text,276,369,268,5496,913,0.1661208151382824
2024-04-24 07:41:31,LinkedIn,text,139,456,245,7514,840,0.11179132286398723
2024-02-03 01:39:55,Twitter,image,622,203,246,2645,1071,0.4049149338374291
2024-03-28 21:50:24,Instagram,text,350,254,114,5560,718,0.129136690647482
2024-05-20 11:50:30,Twitter,text,152,472,66,2071,690,0.3331723804925157
2024-03-25 02:33:12,LinkedIn,image,472,328,9,7276,809,0.1111874656404618
2024-02-24 15:16:31,LinkedIn,video,320,275,67,9036,662,0.07326250553342187
2024-03-10 06:47:12,Twitter,video,7,246,40,3129,293,0.09364014062000639
2024-03-03 20:21:20,Twitter,text,669,85,246,1360,1000,0.7352941176470589
2024-03-17 06:20:57,LinkedIn,text,498,382,154,3714,1034,0.27840603123317176
2024-05-20 15:29:34,Facebook,text,768,331,282,3318,1381,0.41621458710066306
2024-01-02 04:23:17,Facebook,image,740,382,248,4952,1370,0.27665589660743134
2024-03-03 06:37:08,Twitter,image,980,279,51,1080,1310,1.212962962962963
2024-04-19 17:26:30,LinkedIn,image,42,439,187,8348,668,0.08001916626736943
2024-01-24 06:21:20,Instagram,video,423,422,76,9759,921,0.09437442360897633
2024-01-14 23:54:49,Facebook,text,741,371,259,2227,1371,0.615626403233049
2024-02-05 17:32:17,Facebook,image,443,375,38,6010,856,0.14242928452579035
2024-01-14 22:35:05,Facebook,video,371,390,236,7639,997,0.1305144652441419
2024-04-06 14:04:38,Facebook,text,50,213,243,8908,506,0.05680287382128424
2024-03-20 06:27:58,Facebook,text,226,158,163,9639,547,0.056748625376076355
2024-01-06 14:12:13,Twitter,video,173,19,67,3168,259,0.08175505050505051
2024-01-02 21:37:16,Facebook,image,70,339,170,1606,579,0.3605230386052304
2024-04-27 05:46:45,LinkedIn,text,447,181,30,9547,658,0.06892217450508013
2024-04-06 15:34:23,LinkedIn,video,758,158,32,2242,948,0.42283675289919714
2024-02-02 16:18:32,Facebook,text,842,272,161,7038,1275,0.18115942028985507
2024-03-18 18:23:44,Instagram,video,110,423,123,8008,656,0.08191808191808192
2024-05-06 00:33:40,Instagram,text,943,161,27,9361,1131,0.12082042516825126
2024-04-23 20:08:09,Facebook,text,487,98,285,1619,870,0.5373687461395923
2024-03-17 23:09:22,Facebook,text,548,82,125,2729,755,0.2766581165262001
2024-05-02 07:48:48,Instagram,video,635,401,86,1896,1122,0.5917721518987342
2024-01-19 22:15:58,Instagram,video,681,204,277,8163,1162,0.14234962636285678
2024-03-17 19:58:43,Twitter,video,675,141,233,4495,1049,0.23337041156840935
2024-01-10 10:16:30,LinkedIn,image,905,323,254,8871,1482,0.1670612106865066
2024-05-15 07:30:09,LinkedIn,text,762,380,28,4336,1170,0.2698339483394834
2024-04-13 02:47:46,Twitter,text,668,279,238,6070,1185,0.19522240527182866
2024-01-02 20:16:46,Twitter,video,681,148,184,7964,1013,0.127197388247112
2024-02-12 03:50:26,Facebook,video,5,293,47,4308,345,0.08008356545961003
2024-05-18 05:06:26,Twitter,text,406,143,235,8367,784,0.0937014461575236
2024-02-15 19:58:29,LinkedIn,text,73,286,75,3104,434,0.13981958762886598
2024-02-17 04:00:35,Twitter,text,658,142,31,6153,831,0.13505607020965382
2024-02-11 16:13:40,Twitter,image,851,299,288,9157,1438,0.15703833133122203
2024-02-29 01:58:24,LinkedIn,text,460,287,0,5239,747,0.14258446268371827
2024-04-25 22:04:10,Instagram,text,52,159,128,7960,339,0.042587939698492464
2024-05-16 16:58:59,LinkedIn,text,820,314,238,6062,1372,0.22632794457274827
2024-04-20 13:24:22,Instagram,video,893,332,282,8536,1507,0.17654639175257733
2024-02-17 09:35:00,Facebook,image,767,389,268,4108,1424,0.3466407010710808
2024-01-29 18:42:25,Twitter,video,171,338,271,4245,780,0.18374558303886926
2024-03-11 01:45:49,Twitter,text,276,350,26,7051,652,0.092469153311587
2024-02-06 03:24:32,LinkedIn,image,773,131,107,9154,1011,0.11044352195761416
2024-05-07 23:36:52,Instagram,text,832,425,121,4501,1378,0.3061541879582315
2024-03-30 16:00:16,Twitter,text,133,174,162,7130,469,0.06577840112201963
2024-03-06 07:56:56,LinkedIn,image,572,264,6,9186,842,0.09166122360113216
2024-02-29 05:48:50,Twitter,video,198,295,107,5656,600,0.10608203677510608
2024-04-08 01:24:33,Twitter,video,697,60,252,7124,1009,0.14163391353172375
2024-01-05 18:33:19,LinkedIn,video,424,112,61,4880,597,0.1223360655737705
2024-03-03 16:34:14,Facebook,text,486,483,105,3370,1074,0.31869436201780416
2024-05-23 18:59:34,Twitter,image,493,491,35,2744,1019,0.3713556851311953
2024-03-13 01:38:22,Twitter,video,87,412,170,4913,669,0.1361693466313861
2024-03-29 08:20:17,Facebook,video,751,98,75,8347,924,0.11069845453456331
2024-05-17 10:06:21,Twitter,image,589,125,147,1020,861,0.8441176470588235
2024-02-13 12:03:05,Facebook,video,497,400,19,8343,916,0.10979264053697711
2024-03-06 09:02:04,Twitter,image,68,288,3,9827,359,0.03653200366337641
2024-03-26 02:14:25,Instagram,video,877,476,206,3218,1559,0.4844623990055935
2024-03-28 00:21:08,Facebook,text,373,148,180,1132,701,0.6192579505300353
2024-04-21 16:01:44,Twitter,video,196,57,238,8315,491,0.05904990980156344
2024-01-24 10:01:59,Twitter,text,769,15,65,2225,849,0.38157303370786516
2024-03-15 08:32:31,Facebook,video,710,269,22,6926,1001,0.14452786601212822
2024-04-27 22:01:07,Facebook,image,855,311,122,1238,1288,1.0403877221324718
2024-04-07 17:37:21,Instagram,image,28,388,55,4422,471,0.10651289009497965
2024-05-01 08:35:49,LinkedIn,video,753,387,78,4654,1218,0.2617103566824237
2024-03-27 05:27:21,Instagram,text,816,191,10,2436,1017,0.41748768472906406
2024-05-20 10:31:43,Instagram,image,11,212,211,1295,434,0.33513513513513515
2024-03-21 12:21:46,Facebook,video,584,139,32,6737,755,0.1120676859136114
2024-05-19 09:37:46,Facebook,video,709,342,259,3048,1310,0.42979002624671914
2024-01-19 09:29:37,LinkedIn,video,444,379,171,7521,994,0.1321632761600851
2024-05-18 02:29:03,Twitter,image,826,422,87,1379,1335,0.9680928208846991
2024-02-22 14:08:08,LinkedIn,image,300,112,72,2389,484,0.20259522812892425
2024-04-06 20:16:28,Instagram,video,103,460,272,1657,835,0.5039227519613759
2024-02-15 14:03:25,LinkedIn,text,207,39,180,7327,426,0.058141121877985535
2024-03-26 16:43:12,Instagram,image,764,327,203,5917,1294,0.2186919046814264
2024-01-23 21:30:33,Facebook,image,589,236,241,8167,1066,0.13052528468225788
2024-04-27 01:28:50,Facebook,video,512,140,53,5154,705,0.13678696158323633
2024-03-23 21:28:58,Facebook,text,86,64,183,6752,333,0.04931872037914692
2024-02-01 07:56:00,LinkedIn,video,934,65,51,3602,1050,0.2915047196002221
2024-04-12 10:48:42,Instagram,text,611,97,182,2944,890,0.3023097826086957
2024-03-12 17:29:51,LinkedIn,video,257,413,17,6682,687,0.10281352888356779
2024-03-24 01:37:54,Instagram,text,860,370,87,6277,1317,0.20981360522542616
2024-04-30 15:51:28,Instagram,text,234,372,20,1906,626,0.3284365162644281
2024-01-02 07:09:41,Instagram,text,407,369,260,5141,1036,0.2015172145496985
2024-04-30 08:00:57,Twitter,image,928,498,171,6726,1597,0.23743681236990782
2024-04-17 03:28:55,Facebook,text,320,160,200,2364,680,0.2876480541455161
2024-05-22 11:31:59,Twitter,text,574,79,42,6812,695,0.10202583675866118
2024-03-31 07:09:18,LinkedIn,video,263,37,106,6311,406,0.06433211852321344
2024-05-25 01:21:08,LinkedIn,image,377,465,227,1582,1069,0.6757269279393173
2024-04-07 01:38:44,Facebook,image,959,171,48,4680,1178,0.2517094017094017
2024-01-30 07:51:54,Facebook,text,376,37,146,1996,559,0.28006012024048094
2024-01-25 03:33:25,LinkedIn,video,89,94,108,3651,291,0.07970419063270337
2024-02-20 20:27:34,Twitter,text,157,432,170,7863,759,0.09652804273178177
2024-04-04 03:52:05,Facebook,video,56,489,69,4538,614,0.13530189510797708
2024-04-28 19:13:08,Instagram,image,891,297,300,7541,1488,0.19732131017106486
2024-03-06 05:37:09,Facebook,image,325,377,262,5564,964,0.1732566498921639
2024-01-31 08:54:54,Twitter,image,275,427,65,1180,767,0.65
2024-03-05 22:29:57,LinkedIn,video,365,174,122,3242,661,0.20388648982109808
2024-03-17 21:24:46,Facebook,image,765,71,192,4724,1028,0.21761219305673157
2024-04-03 22:21:31,Instagram,image,539,22,98,2049,659,0.3216203025866276
2024-03-19 04:17:47,LinkedIn,video,761,378,255,4840,1394,0.28801652892561985
2024-04-02 23:11:55,Instagram,text,150,176,3,7105,329,0.04630541871921182
2024-01-19 20:36:20,LinkedIn,video,447,406,252,8507,1105,0.12989302927001292
2024-04-22 06:35:24,LinkedIn,video,282,309,162,6763,753,0.11134112080437676
2024-05-13 20:29:00,Twitter,video,970,87,175,5456,1232,0.22580645161290322
2024-01-28 12:08:05,Instagram,video,701,295,257,6558,1253,0.19106434888685575
2024-03-14 02:10:08,Instagram,text,589,36,98,1658,723,0.43606755126658625
2024-05-25 06:08:06,Facebook,image,283,318,177,3403,778,0.22862180429033205
2024-02-05 16:13:22,Instagram,text,764,112,248,7473,1124,0.15040813595610866
2024-01-19 11:08:36,LinkedIn,text,183,33,151,3543,367,0.10358453288173863
2024-02-27 17:23:41,Facebook,video,589,201,228,3252,1018,0.3130381303813038
2024-01-02 16:52:30,Instagram,video,764,423,155,7406,1342,0.1812044288414799
2024-02-12 12:00:11,Instagram,image,74,127,19,3551,220,0.06195437904815545
2024-02-19 05:11:20,Twitter,image,245,363,126,2926,734,0.2508544087491456
2024-02-20 22:49:55,Twitter,image,447,78,132,2130,657,0.3084507042253521
2024-04-27 02:50:57,Twitter,video,337,164,2,4673,503,0.10763963192809758
2024-03-10 17:48:22,Instagram,image,682,357,177,6045,1216,0.2011579818031431
2024-05-22 07:00:59,LinkedIn,video,979,341,177,5773,1497,0.2593105837519487
2024-03-05 11:12:48,Facebook,text,16,389,216,2607,621,0.238204833141542
2024-03-21 13:23:47,Twitter,text,252,126,128,8149,506,0.06209350840593938
2024-02-25 18:06:19,Twitter,image,858,153,29,2723,1040,0.3819316929856776
2024-03-09 01:03:01,Instagram,image,907,398,15,1532,1320,0.8616187989556136
2024-05-04 17:30:41,LinkedIn,image,861,288,116,3672,1265,0.34449891067538124
2024-03-23 12:40:33,Facebook,image,908,198,299,7901,1405,0.1778255916972535
2024-05-11 18:02:15,Twitter,video,780,267,285,6796,1332,0.19599764567392583
2024-02-21 08:48:48,Facebook,video,973,135,57,4937,1165,0.23597326311525219
2024-01-22 22:47:51,LinkedIn,video,947,155,145,6139,1247,0.20312754520280177
2024-01-28 09:29:19,Twitter,image,348,107,242,7662,697,0.09096841555729575
2024-01-13 17:16:25,Twitter,text,521,233,168,6716,922,0.1372840976771888
2024-03-10 20:22:41,Twitter,image,561,29,218,7210,808,0.11206657420249654
2024-01-26 15:02:22,Facebook,text,148,167,235,7370,550,0.07462686567164178
2024-04-25 11:32:44,Facebook,text,223,428,59,9867,710,0.07195702847876762
2024-05-01 04:52:34,Facebook,image,447,314,247,2464,1008,0.4090909090909091
2024-03-03 10:44:22,Facebook,text,19,22,97,7949,138,0.017360674298653917
2024-01-27 12:35:53,Instagram,video,12,144,15,4606,171,0.037125488493269646
2024-01-30 00:30:39,Instagram,image,829,289,181,3993,1299,0.3253193087903832
2024-03-15 06:37:06,Twitter,video,683,91,129,3698,903,0.2441860465116279
2024-02-07 12:19:27,LinkedIn,video,554,207,6,6691,767,0.11463159467942012
2024-01-06 09:30:35,Twitter,image,991,447,206,3812,1644,0.43126967471143757
2024-03-23 13:42:42,Twitter,text,327,184,214,3111,725,0.23304403728704598
2024-03-13 14:39:49,Twitter,image,52,258,134,3141,444,0.1413562559694365
2024-02-25 12:55:21,Twitter,video,190,236,56,2383,482,0.20226605119597146
2024-04-01 18:05:35,Facebook,image,21,412,220,5177,653,0.12613482711995364
2024-04-01 22:58:50,LinkedIn,video,716,160,180,1270,1056,0.831496062992126
2024-01-13 10:19:27,Instagram,video,739,130,187,5477,1056,0.19280628081066278
2024-04-10 00:54:05,LinkedIn,text,498,110,120,6987,728,0.1041935022184056
2024-05-23 07:37:22,Instagram,image,706,87,227,5290,1020,0.19281663516068054
2024-02-10 20:23:17,Twitter,video,949,105,264,6259,1318,0.21057676945198914
2024-04-01 19:36:19,Instagram,video,78,477,164,6722,719,0.10696221362689676
2024-05-11 00:33:36,LinkedIn,image,144,289,115,2070,548,0.2647342995169082
2024-04-16 12:34:19,Twitter,video,435,110,128,6986,673,0.09633552819925566
2024-01-25 14:03:35,Twitter,video,93,176,123,3652,392,0.10733844468784227
2024-04-08 12:20:23,Facebook,image,165,86,265,7183,516,0.07183628010580538
2024-02-08 03:38:56,Facebook,image,824,68,235,2872,1127,0.39240947075208915
2024-05-05 13:51:55,LinkedIn,text,974,321,231,1563,1526,0.9763275751759437
2024-03-15 09:12:46,Instagram,image,59,183,48,3179,290,0.09122365523749607
2024-04-03 23:10:07,Instagram,image,345,29,72,4349,446,0.10255231087606347
2024-03-01 14:38:03,Instagram,text,161,415,49,1613,625,0.38747675139491633
2024-01-12 05:32:12,Twitter,image,594,500,126,8151,1220,0.1496748865169918
2024-04-04 10:17:50,LinkedIn,text,693,26,21,8412,740,0.0879695672848312
2024-02-11 11:28:50,LinkedIn,text,61,453,39,3665,553,0.15088676671214188
2024-03-29 22:22:39,Facebook,text,550,20,122,7916,692,0.08741788782213239
2024-03-18 18:13:36,Facebook,image,182,368,79,2926,629,0.21496924128503075
2024-03-29 15:06:48,Facebook,image,698,89,5,8403,792,0.09425205283827205
2024-04-16 15:32:02,Instagram,text,356,131,283,3010,770,0.2558139534883721
2024-01-10 15:47:21,LinkedIn,image,196,31,10,8492,237,0.027908619877531796
2024-03-30 03:58:50,Facebook,video,166,347,130,6779,643,0.09485174804543443
2024-04-10 08:54:50,LinkedIn,image,922,170,2,8010,1094,0.1365792759051186
2024-04-08 08:09:45,Twitter,text,679,345,265,4957,1289,0.26003631228565666
2024-01-23 22:10:28,Twitter,video,469,36,49,7817,554,0.07087117820135602
2024-05-14 20:32:41,LinkedIn,video,814,426,54,8568,1294,0.15102707749766572
2024-04-28 05:41:52,Instagram,image,876,67,113,7069,1056,0.14938463714811148
2024-01-12 22:41:09,LinkedIn,image,136,234,51,6221,421,0.0676740073943096
2024-02-14 09:39:00,Facebook,video,753,188,185,1186,1126,0.9494097807757167
2024-04-09 16:44:29,Twitter,text,514,482,77,9975,1073,0.10756892230576441
2024-02-18 17:42:25,Facebook,text,541,162,30,5761,733,0.12723485505988544
2024-04-22 22:44:32,LinkedIn,text,644,71,137,7924,852,0.10752145381120647
2024-01-10 16:46:49,Instagram,text,149,401,191,6743,741,0.10989173958178852
2024-03-17 07:26:41,LinkedIn,text,409,54,100,9338,563,0.06029128292996359
2024-04-18 09:31:57,LinkedIn,text,326,115,190,1707,631,0.36965436438195665
2024-02-05 11:43:09,Instagram,text,304,120,113,4194,537,0.12804005722460657
2024-04-08 20:46:32,Twitter,text,944,340,85,4973,1369,0.2752865473557209
2024-02-21 08:23:53,Instagram,video,173,298,185,9887,656,0.0663497521998584
2024-03-24 05:20:38,Facebook,text,550,211,80,4191,841,0.20066809830589358
2024-04-12 23:02:47,Instagram,image,302,348,6,2507,656,0.26166733147187876
2024-04-21 12:01:27,Instagram,text,623,207,254,2931,1084,0.36983964517229617
2024-05-13 21:26:55,Instagram,image,628,346,185,7281,1159,0.15918143112209862
2024-04-25 02:24:04,LinkedIn,video,790,59,184,1164,1033,0.8874570446735395
2024-03-06 22:03:40,Twitter,video,248,492,1,2991,741,0.2477432296890672
2024-05-12 11:19:02,Facebook,image,59,72,134,2783,265,0.09522098454904779
2024-01-21 03:16:47,Facebook,image,358,129,14,5333,501,0.0939433714607163
2024-05-15 22:26:34,Twitter,text,462,314,146,4080,922,0.22598039215686275
2024-03-28 03:49:52,Twitter,image,948,54,245,4339,1247,0.2873934086194976
2024-03-27 11:03:46,Instagram,text,39,443,15,5864,497,0.08475443383356071
2024-04-12 17:59:10,Facebook,video,886,253,55,3038,1194,0.39302172481895986
2024-02-16 10:48:39,Instagram,text,612,298,114,9313,1024,0.1099538279823902
2024-02-25 04:17:02,Instagram,text,795,444,91,7959,1330,0.16710642040457344
2024-04-01 17:51:58,LinkedIn,image,111,336,141,6077,588,0.09675826888267237
2024-05-15 20:39:54,Instagram,video,306,197,25,9568,528,0.05518394648829431
2024-04-15 21:05:20,Instagram,image,779,480,159,1724,1418,0.8225058004640371
2024-04-14 12:05:46,Instagram,image,440,243,267,9580,950,0.09916492693110647
2024-05-20 02:54:52,Instagram,image,265,345,80,8158,690,0.08457955381220887
2024-05-19 13:12:49,Facebook,video,303,216,12,6894,531,0.07702349869451697
2024-01-02 23:09:15,Instagram,text,884,104,108,6717,1096,0.16316808098853655
2024-01-25 09:13:17,Instagram,video,226,320,193,1757,739,0.4206033010813887
2024-03-23 22:27:47,Facebook,image,35,254,13,2859,302,0.105631339629241
2024-02-10 14:59:58,LinkedIn,image,107,132,276,3470,515,0.1484149855907781
2024-05-13 09:10:59,Instagram,image,84,196,56,2587,336,0.1298801700811751
2024-04-24 18:31:50,LinkedIn,image,989,260,92,4310,1341,0.3111368909512761
2024-05-10 18:58:23,Facebook,video,955,320,246,4358,1521,0.349013308857274
2024-01-28 14:17:48,LinkedIn,text,811,139,180,9992,1130,0.11309047237790232
2024-04-12 18:17:36,LinkedIn,video,603,276,227,4055,1106,0.2727496917385943
2024-03-26 07:30:21,Twitter,video,167,388,277,2032,832,0.4094488188976378
2024-05-01 22:16:51,Facebook,image,313,324,117,2713,754,0.2779211205307777
2024-03-15 09:12:05,Instagram,video,385,171,124,6799,680,0.10001470804530078
2024-03-04 06:42:33,Instagram,video,212,210,200,2730,622,0.22783882783882783
2024-04-24 22:58:32,Facebook,image,190,317,98,8426,605,0.07180156657963446
2024-04-04 09:18:56,Instagram,video,150,344,122,1860,616,0.3311827956989247
2024-02-17 05:39:25,LinkedIn,video,345,216,76,3434,637,0.18549796156086196
2024-03-23 06:14:26,LinkedIn,image,485,29,221,9250,735,0.07945945945945945
2024-05-02 08:58:08,Facebook,video,650,121,100,5328,871,0.16347597597597596
2024-03-11 04:41:20,Instagram,video,248,31,293,6453,572,0.08864094219742755
2024-05-24 00:06:47,Facebook,image,222,387,139,2444,748,0.3060556464811784
2024-03-06 15:09:40,LinkedIn,video,726,15,171,4355,912,0.20941446613088405
2024-04-23 20:42:46,Instagram,video,670,118,131,6848,919,0.1341997663551402
2024-02-14 09:38:18,Twitter,image,698,205,26,5958,929,0.15592480698220879
2024-05-05 05:07:10,Twitter,video,744,473,293,4623,1510,0.32662773091066405
2024-05-22 14:37:34,Instagram,image,561,142,140,5653,843,0.14912435874756766
2024-04-04 10:28:45,Facebook,video,693,460,142,3645,1295,0.355281207133059
2024-03-25 22:59:12,Twitter,image,352,265,192,8052,809,0.10047193243914555
2024-02-04 11:39:56,Facebook,video,949,20,108,3300,1077,0.32636363636363636
2024-02-07 18:27:45,LinkedIn,image,141,24,224,3719,389,0.10459801021780048
2024-03-21 03:12:52,LinkedIn,image,466,204,179,7545,849,0.11252485089463221
2024-01-31 18:23:31,LinkedIn,text,712,453,188,2937,1353,0.4606741573033708
2024-02-10 14:53:47,Instagram,video,276,16,196,4971,488,0.09816938241802455
2024-04-27 07:55:17,Twitter,image,770,150,92,5192,1012,0.19491525423728814
2024-02-03 04:38:31,LinkedIn,image,754,289,25,2660,1068,0.40150375939849625
2024-03-23 02:05:05,Facebook,image,172,75,47,9974,294,0.02947663926208141
2024-03-13 10:07:12,Facebook,image,135,81,202,9299,418,0.04495107000752769
2024-01-29 04:38:57,Twitter,text,878,62,156,1022,1096,1.0724070450097847
2024-01-10 21:51:06,Twitter,text,251,312,297,4919,860,0.17483228298434642
2024-01-03 17:33:21,Instagram,image,74,241,257,5623,572,0.1017250577983283
2024-03-09 09:20:56,Twitter,text,598,139,136,5742,873,0.15203761755485892
2024-05-09 11:48:13,Facebook,image,176,283,191,4785,650,0.13584117032392895
2024-04-05 23:25:41,Facebook,video,420,362,224,1513,1006,0.6649041639127561
2024-02-08 12:54:40,Twitter,image,260,16,64,8760,340,0.03881278538812785
2024-04-18 05:49:56,Instagram,video,957,90,258,5467,1305,0.23870495701481617
2024-04-10 00:40:27,Twitter,text,869,303,268,5514,1440,0.2611534276387378
2024-04-12 10:37:50,LinkedIn,video,634,255,120,5446,1009,0.18527359529930224
2024-01-02 21:47:33,LinkedIn,video,869,81,187,2338,1137,0.4863130881094953
2024-04-16 18:33:58,Instagram,image,450,28,188,9427,666,0.07064813832608464
2024-01-25 01:57:59,LinkedIn,text,454,476,204,9198,1134,0.1232876712328767
2024-04-12 09:19:01,Twitter,text,666,431,218,5811,1315,0.226294957838582
2024-01-04 19:30:55,Facebook,video,754,337,15,2396,1106,0.46160267111853087
2024-03-23 13:07:19,LinkedIn,video,340,419,15,7414,774,0.10439708659293229
2024-03-22 21:46:17,Facebook,text,79,439,179,9815,697,0.07101375445746307
2024-04-06 12:55:05,LinkedIn,text,326,436,126,8029,888,0.11059907834101383
2024-02-29 19:36:48,Facebook,text,404,399,154,2732,957,0.35029282576866766
2024-03-11 20:43:24,Twitter,video,539,498,172,8386,1209,0.14416885284998807
2024-03-15 17:16:55,LinkedIn,image,876,336,211,1261,1423,1.1284694686756542
2024-01-19 00:25:30,LinkedIn,image,278,158,295,8274,731,0.08834904520183708
2024-05-02 13:58:51,Facebook,text,797,150,118,3698,1065,0.28799351000540835
2024-02-24 19:38:23,Twitter,image,211,257,176,4072,644,0.1581532416502947
2024-01-14 21:20:28,Instagram,video,510,462,84,8449,1056,0.12498520534974553
2024-01-10 21:21:41,LinkedIn,image,133,14,215,7318,362,0.049467067504782726
2024-01-18 17:28:18,Facebook,video,648,228,262,4515,1138,0.2520487264673311
2024-04-19 07:55:29,LinkedIn,text,107,280,241,3560,628,0.17640449438202246
2024-05-02 00:16:09,Twitter,text,357,49,87,5112,493,0.0964397496087637
2024-01-21 02:01:51,Instagram,video,474,120,67,3164,661,0.20891276864728192
2024-01-19 17:47:04,Instagram,image,495,295,83,9162,873,0.09528487229862476
2024-04-19 11:21:54,Facebook,video,122,269,252,9727,643,0.06610465713991981
2024-01-09 22:46:27,Twitter,video,942,234,200,1450,1376,0.9489655172413793
2024-04-27 13:59:00,Instagram,text,313,388,132,4172,833,0.19966442953020133
2024-01-05 09:05:45,Twitter,video,163,396,242,4728,801,0.16941624365482233
2024-04-01 13:29:34,Facebook,video,46,454,216,1056,716,0.678030303030303
2024-02-14 22:09:09,Instagram,text,634,94,198,8961,926,0.10333668117397612
2024-04-23 18:16:11,LinkedIn,text,771,449,287,6944,1507,0.21702188940092165
2024-04-08 16:23:45,Twitter,text,760,193,131,9738,1084,0.1113164920928322
2024-05-18 19:55:15,LinkedIn,text,946,145,286,4872,1377,0.28263546798029554
2024-01-22 03:21:57,Facebook,text,669,390,32,5408,1091,0.20173816568047337
2024-04-26 12:53:47,Facebook,video,712,123,208,2418,1043,0.43134822167080233
2024-04-22 23:33:31,Twitter,image,536,232,283,4016,1051,0.261703187250996
2024-02-06 09:24:43,Facebook,text,32,402,163,5344,597,0.11171407185628743
2024-04-10 15:40:20,Instagram,text,278,403,62,1112,743,0.6681654676258992
2024-03-03 03:48:12,Twitter,text,201,257,289,9327,747,0.08009006111289804
2024-03-05 20:25:25,Twitter,video,919,83,105,5770,1107,0.19185441941074524
2024-03-21 22:16:55,Twitter,image,726,323,96,7393,1145,0.15487623427566616
2024-03-14 22:07:54,LinkedIn,text,487,227,28,7116,742,0.10427206295671726
2024-03-01 12:17:06,Facebook,image,193,66,79,3325,338,0.10165413533834586
2024-03-16 06:12:47,Instagram,text,924,126,118,1673,1168,0.6981470412432755
2024-01-31 07:13:42,Twitter,text,768,244,192,8594,1204,0.14009774261112404
2024-01-31 05:54:35,Twitter,image,372,202,135,8754,709,0.08099154672149875
2024-01-12 18:37:15,LinkedIn,text,35,252,255,7102,542,0.0763165305547733
2024-05-12 02:05:36,Facebook,text,118,105,107,8363,330,0.03945952409422456
2024-02-29 06:35:32,Facebook,text,956,347,55,2362,1358,0.5749364944961897
2024-01-14 02:36:18,LinkedIn,video,238,58,66,4298,362,0.08422522103303862
2024-03-22 09:15:26,Facebook,video,51,56,7,7997,114,0.014255345754657997
2024-01-18 19:53:56,Instagram,video,243,460,198,2525,901,0.3568316831683168
2024-05-12 09:46:25,LinkedIn,text,91,75,12,3651,178,0.048753766091481784
2024-05-11 22:11:06,Instagram,text,101,12,167,8745,280,0.03201829616923957
2024-03-05 07:31:23,Twitter,video,97,478,221,8428,796,0.09444708115804461
2024-04-22 21:52:34,Instagram,text,170,79,21,7830,270,0.034482758620689655
2024-03-04 06:29:45,Twitter,video,894,341,177,5206,1412,0.27122550902804454
2024-05-19 10:39:12,Instagram,image,582,75,280,1881,937,0.4981392876129718
2024-02-06 21:33:52,Instagram,text,588,421,55,6197,1064,0.17169598192673874
2024-04-18 19:40:23,Instagram,image,468,476,231,7490,1175,0.1568758344459279
2024-02-21 03:14:25,Facebook,video,49,305,127,8165,481,0.05890998162890386
2024-01-28 05:37:09,Instagram,video,996,67,6,3841,1069,0.27831293933871387
2024-05-10 18:17:45,Facebook,video,543,402,111,2817,1056,0.37486687965921195
2024-03-25 23:58:02,Instagram,image,210,290,223,4663,723,0.15505039674029594
2024-04-24 08:12:22,LinkedIn,text,994,370,72,9923,1436,0.14471430011085357
2024-05-23 04:43:33,Instagram,video,608,409,99,4713,1116,0.23679185232336092
2024-04-14 10:43:55,Facebook,text,513,122,199,3721,834,0.22413329750067187
2024-01-08 14:05:44,Twitter,text,807,125,273,1996,1205,0.6037074148296593
2024-04-14 01:56:21,Facebook,image,477,489,116,4095,1082,0.26422466422466423
2024-01-03 05:12:58,LinkedIn,video,989,499,107,6124,1595,0.26045068582625736
2024-05-19 23:15:26,Twitter,video,722,236,286,6806,1244,0.1827799000881575
2024-05-10 05:29:47,LinkedIn,video,645,230,107,7499,982,0.13095079343912522
2024-05-23 18:39:19,Facebook,video,56,165,90,6865,311,0.045302257829570286
2024-05-19 14:39:53,LinkedIn,video,100,177,289,9849,566,0.05746776322469286
2024-01-09 19:06:30,LinkedIn,video,935,483,288,3610,1706,0.47257617728531853
2024-05-10 19:59:30,Facebook,image,401,364,36,5386,801,0.1487189008540661
2024-04-25 20:48:13,LinkedIn,text,861,98,220,9956,1179,0.11842105263157894
2024-04-26 09:09:05,LinkedIn,text,105,383,282,1615,770,0.47678018575851394
2024-01-30 06:36:50,Twitter,text,642,306,114,5495,1062,0.1932666060054595
2024-03-16 14:46:25,Twitter,video,140,30,116,2934,286,0.09747784594410361
2024-04-21 23:17:11,Twitter,text,437,187,273,9608,897,0.09335970024979184
2024-01-10 07:07:32,Instagram,text,117,46,124,8792,287,0.03264331210191083
2024-05-22 08:22:31,Twitter,video,18,294,205,3175,517,0.16283464566929134
2024-02-17 13:03:01,Facebook,text,408,407,134,2866,949,0.3311235170969993
2024-04-12 05:11:48,Instagram,video,829,340,296,7980,1465,0.18358395989974938
2024-02-11 16:49:58,LinkedIn,text,219,310,13,9326,542,0.058117092000857816
2024-02-11 05:45:20,Facebook,text,845,363,208,4517,1416,0.3134823998228913
2024-04-21 13:34:08,LinkedIn,text,915,370,1,9118,1286,0.14103970168896687
2024-02-17 22:37:52,Twitter,image,447,268,108,6464,823,0.12732054455445543
2024-01-01 17:52:09,Twitter,text,349,184,62,2492,595,0.23876404494382023
2024-04-22 13:33:05,Instagram,text,910,255,177,7818,1342,0.17165515477104118
2024-04-19 09:36:15,Twitter,video,385,387,182,7537,954,0.1265755605678652
2024-03-11 04:23:45,Instagram,image,691,324,145,9231,1160,0.1256635250785397
2024-02-27 22:19:36,Twitter,image,462,256,120,4141,838,0.20236657812122677
2024-03-16 08:56:47,LinkedIn,video,119,167,193,1535,479,0.31205211726384363
2024-03-22 22:44:00,Facebook,video,232,396,239,7353,867,0.11791105671154631
2024-04-17 07:37:59,Facebook,text,686,382,281,4848,1349,0.27825907590759075
2024-03-16 14:12:43,Facebook,video,535,341,74,8066,950,0.1177783287875031
2024-01-25 13:13:48,LinkedIn,text,964,36,91,3535,1091,0.30862800565770865
2024-05-14 19:23:16,Twitter,image,915,272,129,8918,1316,0.14756671899529042
2024-01-09 11:17:05,LinkedIn,text,368,227,275,6281,870,0.13851297564082152
2024-03-18 03:50:23,LinkedIn,video,988,384,124,6226,1496,0.24028268551236748
2024-01-26 07:08:32,Instagram,image,797,216,269,4305,1282,0.29779326364692216
2024-04-30 05:02:32,Twitter,video,388,133,82,6199,603,0.0972737538312631
2024-02-23 23:34:05,Facebook,image,446,106,125,1598,677,0.4236545682102628
2024-01-12 18:03:39,Instagram,image,114,180,144,5567,438,0.07867792347763607
2024-04-18 08:01:04,Instagram,image,484,147,65,7252,696,0.09597352454495311
2024-03-30 12:02:39,Twitter,text,915,272,25,2542,1212,0.4767899291896145
2024-01-30 00:44:00,LinkedIn,image,265,235,292,1062,792,0.7457627118644068
2024-02-23 15:21:55,Instagram,video,706,360,154,1330,1220,0.9172932330827067
2024-01-31 10:11:32,LinkedIn,video,741,149,88,2065,978,0.47360774818401935
2024-03-08 14:09:05,Facebook,image,610,116,92,5154,818,0.1587116802483508
2024-03-15 22:06:36,Twitter,image,857,344,242,1183,1443,1.2197802197802199
2024-01-26 02:55:36,LinkedIn,image,5,495,178,6612,678,0.10254083484573502
2024-04-29 17:40:00,LinkedIn,text,978,212,8,3630,1198,0.3300275482093664
2024-02-21 09:41:44,Instagram,image,847,337,253,7684,1437,0.1870119729307652
2024-04-01 16:33:49,Instagram,image,304,277,168,2931,749,0.25554418287273967
2024-02-29 16:22:36,Twitter,video,200,48,237,7769,485,0.06242759685931265
2024-01-09 06:40:20,Instagram,video,659,411,41,2853,1111,0.38941465124430424
2024-04-18 02:42:41,Instagram,text,516,386,242,8860,1144,0.1291196388261851
2024-02-04 10:51:34,Facebook,image,286,343,152,4803,781,0.1626067041432438
2024-02-24 21:02:21,Instagram,text,881,264,172,3810,1317,0.34566929133858265
2024-03-01 23:03:29,Facebook,image,342,500,247,9019,1089,0.12074509369109658
2024-04-30 15:09:40,LinkedIn,image,726,482,49,2100,1257,0.5985714285714285
2024-04-14 06:18:07,Instagram,text,638,224,65,8234,927,0.11258197716784066
2024-02-21 16:58:17,LinkedIn,video,814,331,166,2774,1311,0.4726027397260274
2024-04-08 21:15:52,Instagram,video,678,458,231,4005,1367,0.34132334581772783
2024-02-10 15:29:34,LinkedIn,image,825,412,88,4473,1325,0.2962217750950145
2024-05-06 10:28:00,Facebook,text,318,441,258,7581,1017,0.13415116739216462
2024-02-11 20:37:47,Twitter,video,786,174,234,5657,1194,0.21106593600848506
2024-01-01 12:02:04,LinkedIn,video,789,55,93,8552,937,0.10956501403180542
2024-05-20 05:41:47,Twitter,text,854,47,171,4764,1072,0.22502099076406382
2024-04-03 08:45:52,LinkedIn,text,808,300,7,5617,1115,0.19850453978992344
2024-02-07 19:03:46,Twitter,text,501,153,138,9823,792,0.08062709966405375
2024-03-04 19:31:54,LinkedIn,image,885,447,173,1240,1505,1.2137096774193548
2024-03-06 23:55:25,Twitter,image,271,411,68,5343,750,0.1403705783267827
2024-02-28 09:18:34,Twitter,image,341,280,25,6028,646,0.10716655607166556
2024-04-18 16:14:53,Twitter,text,986,28,75,1180,1089,0.9228813559322034
2024-02-07 20:24:44,Instagram,video,180,405,146,4574,731,0.15981635330126803
2024-05-07 05:45:20,Facebook,image,567,264,294,1589,1125,0.7079924480805538
2024-02-29 10:04:47,Instagram,image,234,423,75,6874,732,0.10648821646784987
2024-01-09 20:42:12,Instagram,text,991,474,207,1287,1672,1.2991452991452992
2024-03-05 04:27:41,Instagram,image,261,114,53,3304,428,0.12953995157384987
2024-03-26 23:33:45,Instagram,text,636,321,203,4549,1160,0.2550010991426687
2024-01-29 14:17:52,LinkedIn,text,380,260,190,7248,830,0.11451434878587197
2024-03-04 17:04:08,Instagram,text,753,27,251,4238,1031,0.24327512977819726
2024-01-23 01:46:25,Instagram,image,948,155,76,4423,1179,0.2665611575853493
2024-02-17 06:04:51,Twitter,video,64,135,139,2889,338,0.11699550017307027
2024-01-30 04:31:57,LinkedIn,image,200,120,151,6960,471,0.06767241379310344
2024-03-24 17:44:25,Instagram,text,147,383,78,6714,608,0.09055704498063748
2024-02-03 03:29:00,LinkedIn,text,670,454,62,5666,1186,0.2093187433815743
2024-05-08 15:19:56,Instagram,text,979,464,122,3343,1565,0.4681423870774753
2024-02-21 09:32:09,Twitter,text,782,459,116,3336,1357,0.40677458033573144
2024-03-07 14:35:09,LinkedIn,text,699,387,226,3817,1312,0.34372543882630335
2024-02-25 02:16:03,Facebook,video,896,59,152,8786,1107,0.12599590257227408
2024-04-06 22:29:18,Instagram,image,212,401,112,1078,725,0.6725417439703154
2024-02-09 05:46:56,Facebook,text,773,71,65,7871,909,0.11548723160970652
2024-04-27 04:39:33,LinkedIn,image,656,20,175,9384,851,0.09068627450980392
2024-04-22 11:06:49,Twitter,video,496,310,192,9127,998,0.10934589678974471
2024-02-19 18:04:49,Instagram,image,908,342,25,9383,1275,0.13588404561440903
2024-04-25 13:29:29,LinkedIn,image,331,143,67,3883,541,0.13932526397115633
2024-02-07 11:06:04,LinkedIn,video,568,137,29,1675,734,0.4382089552238806
2024-05-02 08:22:26,Facebook,text,547,131,236,4624,914,0.1976643598615917
2024-05-06 04:35:28,Facebook,text,703,224,198,7683,1125,0.14642717688402968
2024-05-21 16:40:44,Instagram,image,632,406,160,8610,1198,0.1391405342624855
2024-03-19 08:11:21,Instagram,video,122,379,253,4949,754,0.15235401091129522
2024-02-20 03:50:33,Facebook,image,327,341,111,5234,779,0.1488345433702713
2024-03-13 15:49:38,Facebook,text,939,94,68,9640,1101,0.11421161825726141
2024-03-04 10:22:19,Twitter,video,29,131,30,8310,190,0.02286401925391095
2024-01-12 19:40:26,Twitter,video,320,115,140,3895,575,0.14762516046213095
2024-05-23 06:57:01,Instagram,text,572,325,292,4186,1189,0.2840420449116101
2024-04-11 00:31:33,Twitter,video,557,289,69,3737,915,0.24484880920524485
2024-02-02 00:59:15,Instagram,video,107,378,271,5478,756,0.1380065717415115
2024-05-02 01:34:13,Facebook,text,211,173,91,5651,475,0.08405591930631746
2024-02-17 04:36:52,Facebook,text,874,250,138,2001,1262,0.6306846576711644
2024-02-17 16:13:32,Facebook,video,416,232,162,5701,810,0.1420803367830205
2024-04-24 15:52:37,Facebook,text,862,401,132,7833,1395,0.17809268479509766
2024-03-04 05:42:26,Instagram,image,114,359,138,4782,611,0.12777080719364284
2024-05-08 09:05:46,Twitter,image,785,157,176,5037,1118,0.22195751439348818
2024-04-11 06:50:02,Twitter,video,812,202,126,7368,1140,0.15472312703583063
2024-03-23 09:58:58,LinkedIn,image,945,275,43,9354,1263,0.13502245028864657
2024-02-09 04:41:44,Twitter,image,909,343,175,6989,1427,0.20417799399055658
2024-02-03 15:51:59,Instagram,video,911,394,268,8362,1573,0.18811289165271466
2024-04-09 02:25:04,Facebook,video,701,298,121,9571,1120,0.1170201650820186
2024-01-30 23:42:15,LinkedIn,video,247,82,100,4150,429,0.10337349397590362
2024-01-11 08:49:41,Twitter,video,902,304,66,9170,1272,0.13871319520174483
2024-01-07 16:07:48,LinkedIn,image,219,2,224,4313,445,0.10317644331092048
2024-04-21 22:54:52,LinkedIn,image,613,152,155,7416,920,0.12405609492988134
2024-05-08 22:56:16,Facebook,image,891,244,292,2285,1427,0.624507658643326
2024-04-24 10:20:22,Facebook,video,457,60,22,3181,539,0.1694435712040239
2024-02-12 10:06:57,Instagram,image,767,99,246,7219,1112,0.15403795539548415
2024-01-26 12:57:32,Instagram,video,154,121,58,4392,333,0.07581967213114754
2024-04-03 10:24:30,Facebook,video,357,34,149,4164,540,0.12968299711815562
2024-01-09 15:10:07,Instagram,text,652,458,84,4050,1194,0.2948148148148148
2024-03-19 01:51:42,Instagram,image,317,439,121,4334,877,0.2023534840793724
2024-04-04 08:23:12,Instagram,video,654,47,122,8036,823,0.10241413638626182
2024-04-27 12:10:36,Facebook,image,718,370,166,4087,1254,0.30682652312209446
2024-05-20 18:03:06,Instagram,text,609,159,148,6802,916,0.13466627462511027
2024-04-28 22:02:54,Facebook,video,381,65,40,4653,486,0.10444874274661509
2024-03-11 23:52:28,Facebook,text,736,470,146,6326,1352,0.21372115080619664
2024-05-13 22:06:40,Instagram,text,968,188,39,9097,1195,0.13136198746839617
2024-05-24 16:18:22,LinkedIn,video,685,51,273,9555,1009,0.10559916274201989
2024-02-20 19:19:06,Twitter,text,703,347,206,4746,1256,0.26464391066160975
2024-04-21 07:51:47,Facebook,image,288,232,274,4717,794,0.16832732669069322
2024-05-06 00:04:04,Facebook,video,612,418,206,4898,1236,0.2523478971008575
2024-04-20 07:19:26,Facebook,text,224,57,298,3620,579,0.15994475138121547
2024-04-25 05:29:37,LinkedIn,text,998,221,118,1639,1337,0.8157413056741916
2024-05-08 21:53:42,Facebook,video,675,11,167,2361,853,0.3612875900042355
2024-04-12 21:05:34,Instagram,text,794,120,215,7357,1129,0.15345929047165965
2024-05-25 02:56:36,Twitter,video,599,245,0,5899,844,0.14307509747414815
2024-01-01 16:14:27,Instagram,image,554,456,143,2247,1153,0.5131286159323543
2024-05-25 00:48:03,Facebook,text,598,394,268,8113,1260,0.15530629853321828
2024-04-28 16:34:16,Facebook,image,777,428,33,8241,1238,0.15022448731950006
2024-05-02 07:59:41,LinkedIn,text,571,448,126,1523,1145,0.7518056467498359
2024-04-25 08:47:30,Twitter,video,287,235,77,7085,599,0.08454481298517996
2024-04-01 03:55:53,LinkedIn,video,521,150,269,7637,940,0.12308498101348697
2024-05-15 06:38:21,Instagram,video,779,437,227,2455,1443,0.5877800407331976
2024-05-16 21:28:30,Facebook,text,15,265,136,6170,416,0.06742301458670989
2024-02-25 19:27:28,Facebook,video,690,343,211,7005,1244,0.17758743754461098
2024-01-11 12:23:36,Facebook,text,979,285,274,9540,1538,0.16121593291404612
2024-05-12 11:55:56,LinkedIn,text,863,338,259,6448,1460,0.22642679900744417
2024-04-26 03:07:31,Facebook,video,752,299,57,3922,1108,0.282508924018358
2024-02-23 23:10:47,Instagram,image,718,470,245,6121,1433,0.23411207319065513
2024-02-08 12:10:20,Twitter,text,910,453,28,9941,1391,0.13992556080877175
2024-03-23 15:31:09,Facebook,text,200,383,102,1077,685,0.6360259981429898
2024-04-26 17:19:20,Instagram,text,116,453,198,9469,767,0.08100116168550005
2024-02-01 20:48:53,Twitter,text,193,160,27,6098,380,0.06231551328304362
2024-01-27 23:56:34,Instagram,image,793,17,63,3337,873,0.26161222655079414
2024-05-08 01:27:27,Twitter,video,836,205,59,9951,1100,0.11054165410511506
2024-03-22 14:44:56,Instagram,video,991,74,195,3539,1260,0.3560327776207968
2024-02-03 09:49:50,Instagram,image,115,428,222,5789,765,0.13214717567801001
2024-04-05 21:49:02,LinkedIn,text,327,458,74,2906,859,0.29559532002752925
2024-05-07 16:09:21,Twitter,image,435,251,296,8539,982,0.11500175664597728
2024-03-25 23:08:08,Twitter,image,783,187,165,5841,1135,0.1943160417736689
2024-04-03 15:28:19,Instagram,image,136,147,98,1419,381,0.26849894291754756
2024-03-13 20:14:15,Facebook,text,818,278,51,3679,1147,0.3117695025822234
2024-03-15 07:20:59,Twitter,video,564,261,34,2201,859,0.3902771467514766
2024-04-21 00:43:08,LinkedIn,image,837,115,7,8945,959,0.10721073225265511
2024-05-17 00:34:58,Twitter,text,836,291,216,8109,1343,0.16561844863731656
2024-03-05 16:05:09,Facebook,text,820,5,53,6475,878,0.1355984555984556
2024-05-17 17:35:04,Instagram,image,657,319,146,7070,1122,0.1586987270155587
2024-03-22 13:57:11,Instagram,text,387,89,32,9159,508,0.0554645703679441
2024-02-24 08:05:54,Twitter,image,333,238,33,3173,604,0.19035612984557201
2024-02-03 14:43:51,Instagram,text,776,295,16,8059,1087,0.13488025809653803
2024-05-25 08:58:29,Twitter,video,398,258,106,9312,762,0.0818298969072165
2024-01-18 00:30:41,Instagram,video,854,417,3,1647,1274,0.7735276259866424
2024-02-20 03:50:17,LinkedIn,video,847,251,131,5872,1229,0.2092983651226158
2024-01-08 02:23:37,LinkedIn,image,599,115,254,3036,968,0.3188405797101449
2024-04-22 19:49:57,Facebook,image,320,176,106,5107,602,0.11787742314470334
2024-01-01 06:02:21,Instagram,image,596,253,116,9506,965,0.1015148327372186
2024-01-22 10:02:33,Facebook,video,419,114,134,7618,667,0.08755578892097664
2024-01-28 10:42:36,Twitter,image,116,467,241,5340,824,0.1543071161048689
2024-05-10 23:18:23,Twitter,text,669,104,254,9791,1027,0.10489224798284139
2024-01-04 23:25:03,LinkedIn,image,401,234,56,8657,691,0.07981979900658427
2024-03-11 10:26:05,Facebook,text,649,426,130,5659,1205,0.21293514755257112
2024-05-12 03:48:02,Facebook,text,821,344,228,8146,1393,0.17100417382764546
2024-01-16 02:06:53,Facebook,image,265,317,292,3684,874,0.23724212812160694
2024-02-21 07:56:50,Twitter,text,690,371,143,5555,1204,0.21674167416741674
2024-05-08 21:18:59,Twitter,image,112,105,132,8973,349,0.038894461161261565
2024-05-19 08:15:41,Facebook,video,600,121,215,5014,936,0.18667730355005982
2024-05-04 15:37:40,Twitter,image,157,383,1,3719,541,0.1454692121538048
2024-01-19 17:07:04,Facebook,image,924,484,55,1178,1463,1.2419354838709677
2024-01-06 16:16:09,Twitter,image,392,465,62,7175,919,0.12808362369337978
2024-04-28 08:25:58,LinkedIn,video,840,432,98,8953,1370,0.15302133363118509
2024-05-14 05:46:13,Facebook,video,818,309,278,4648,1405,0.3022805507745267
2024-03-20 03:34:43,Twitter,image,254,64,208,2944,526,0.17866847826086957
2024-01-22 18:09:14,Twitter,video,112,187,270,6096,569,0.09333989501312336
2024-04-29 20:43:52,Facebook,image,858,19,167,9853,1044,0.10595757637267837
2024-05-23 23:09:55,Instagram,video,63,466,232,5309,761,0.14334149557355433
2024-01-12 00:41:18,Instagram,text,212,171,106,7779,489,0.06286155032780563
2024-01-05 09:13:11,Instagram,text,490,382,137,7043,1009,0.14326281414170097
2024-01-25 10:29:31,Instagram,text,582,218,119,3528,919,0.2604875283446712
2024-01-26 14:13:54,Twitter,image,126,239,209,3714,574,0.15455035002692516
2024-03-26 03:44:06,Facebook,image,884,451,11,7710,1346,0.17457846952010375
2024-05-17 11:25:28,LinkedIn,image,639,433,69,9411,1141,0.1212411008394432
2024-01-06 07:24:40,Facebook,text,776,413,62,5815,1251,0.21513327601031815
2024-02-18 02:19:20,Twitter,video,399,193,14,7322,606,0.08276427205681508
2024-03-17 00:45:56,Instagram,image,266,30,186,2164,482,0.22273567467652494
2024-04-18 10:29:15,LinkedIn,image,402,467,228,1655,1097,0.6628398791540786
2024-03-30 03:27:43,LinkedIn,image,580,425,184,8055,1189,0.14761018001241466
2024-02-02 23:11:57,Instagram,video,774,364,101,1675,1239,0.7397014925373134
2024-03-04 05:19:18,Facebook,image,974,155,201,9633,1330,0.13806706114398423
2024-01-14 18:22:00,Facebook,image,193,165,16,8717,374,0.04290466903751291
2024-04-30 20:02:48,Facebook,text,798,77,127,2559,1002,0.39155920281359907
2024-02-03 07:14:12,Instagram,text,476,287,120,5019,883,0.1759314604502889
2024-01-02 00:04:06,LinkedIn,video,187,254,265,4506,706,0.15667998224589436
2024-01-28 18:46:37,Instagram,image,502,412,192,5839,1106,0.18941599588970714
2024-01-15 12:16:30,LinkedIn,video,339,33,143,7422,515,0.06938830503907302
2024-01-22 18:14:37,Twitter,image,248,480,192,2404,920,0.3826955074875208
2024-04-05 00:42:03,Facebook,image,189,462,200,2659,851,0.32004512974802557
2024-01-01 23:03:37,Twitter,image,519,471,271,1584,1261,0.7960858585858586
2024-01-20 07:05:01,Facebook,image,959,351,247,6549,1557,0.23774622079706825
2024-02-16 14:10:46,Instagram,video,725,457,270,6864,1452,0.21153846153846154
2024-02-28 07:33:22,Instagram,video,413,81,185,1682,679,0.4036860879904875
2024-01-31 13:30:22,LinkedIn,video,35,366,140,6109,541,0.08855786544442626
2024-02-13 20:47:00,Instagram,text,687,49,193,6786,929,0.13689949896846448
2024-04-14 08:46:04,Facebook,video,517,467,95,8544,1079,0.1262874531835206
2024-01-31 22:13:59,Instagram,text,305,271,164,1457,740,0.5078929306794784
